;marca;preco
0;Placa Mãe B550M Aorus Elite, AMD AM4, DDR4, Micro ATX - Gigabyte;R$ 1.511,36
1;Placa Mãe Gigabyte H510M Rev.1.0, Intel LGA1200 10a E 11a Geração, Micro ATX, DDR4 - H510M H;R$ 550,80
2;Placa Mãe MSI PRO B660M-A, LGA 1700, mATX, DDR4 - 911-7D43-004;R$ 1.099,99
3;Placa Mãe Gigabyte Amd, Ddr4, Am4 - Ga-a320m-s2h;R$ 413,01
4;Placa Mãe Gigabyte A520m S2h, Soquete AMD Am4, Matx, DDR4;R$ 548,91
5;Placa Mãe Asus TUF Gaming B550M-PLUS Wi-Fi II, AMD, mATX, DDR4, RGB, Wi-Fi - 90MB19Y0-M0EAY0;R$ 1.199,99
6;Placa Mae Asus TUF Gaming B550M-PLUS, M.2 mATX , DDR4, Aura para fita RGB, - 90mb14a0-c1bay0.;R$ 1.301,10
7;Placa Mãe Gigabyte, H610m H, DDR4 Matx, LGA 1700, 12ª Geração;R$ 629,00
8;Placa Mãe Gigabyte, Para Intel 1200, H410M H V3 1.0 Ultra, Durable 2x DDR4, Matx;R$ 565,11
9;Placa Mãe Asus Prime H510M-E, Intel LGA 1200, Micro ATX, DDR4, VGA/HDMI/Displayport - 90MB17E0-C1BAY0;R$ 856,21
10;Placa Mãe Asus Para Intel 1700 B660m, Tuf Gaming Plus D4 4xDDR4 Matx 90mb1940-c1bay0;R$ 1.071,00
11;Placa Mãe Gigabyte B360M Aorus Gaming 3 Intel 8º/9º Geração LGA1151 DDR4;R$ 656,01
12;Placa Mãe, Gigabyte, Para Intel 1700 B660m Gaming X 4x, DDR4 Matx;R$ 926,10
13;Placa Mãe Integrada PCWare IPX1800G2 Intel Celeron J1800 2.41GHz Dual Core DDR3 Mini ITX;R$ 448,79
14;Placa Mãe Asus A520M-E Prime AMD, Socket AM4, DDR4, mATX;R$ 658,32
15;Placa Mãe Asus Prime H410M-E, Intel LGA1200, 10ª Geração, DDR4 - DCR2020;R$ 517,50
16;Placa - mãe Asus A320m-k/br, AMD AM4, mATX Prime, 2x DDR4, VGA, HDMI, M.2, USB 3.1, Ai Suite 3, Ai Charge Asus Fan Xpert, Suporta Ryzen 2000;R$ 448,79
17;Placa Mãe Asus Prime H610M-E D4, DDR4, Socket LGA 1700, Micro ATX;R$ 667,71
18;Placa Mãe Asrock A320m-hd R40, Chipset A320, Am4, Matx, DDR4;R$ 475,11
19;Placa Mae Gigabyte Box AM4 Micro Atx A520M, DS3H, DDR4, DP, HDMI, DVI-D, USB 3.0;R$ 708,58
20;Placa Mae Asrock A320m-hdv R4.0 Micro Atx Am4 Ddr4 Hdmi M.2 Usb 3.1;R$ 422,45
21;Placa Mãe Gigabyte Aorus PRO-P B550M,  AMD AM4 mATX, DDR4, LED RGB - 9MB55MAOP-00-10;R$ 1.357,11
22;Placa Mãe, Brazilpc AM3+ BPC-78FX-G V2.1, Oem;R$ 284,66
23;Placa Mãe Gigabyte B660m Ds3h DDR4 / Intel Lga 1700/ RGB / M.2 Nvme Dark Brown;R$ 995,31
24;Placa Mãe Gigabyte A520m H, AM4, DDR4 - A520;R$ 531,81
25;Placa Mãe Gigabyte X570, UD, RGB, AMD - 9mx57ud-00-10;R$ 1.469,61
26;Placa Mãe Afox, LGA 1151, DDR4, HDMI/VGA - IH110-MA4-V2;R$ 537,25
27;Placa Mãe Asus H81M-E, Intel, LGA 1150, H3, DDR 3, OEM;R$ 402,69
28;Placa Mãe Micro ATX AFOX IH61-MA5 2ª e 3º Geração LGA 1155 Intel H61 VGA HDMI DDR3 Até 16GB - BRX;R$ 585,00
29;Placa Mãe Gigabyte Gaming X Z590m, Intel 10-11 Geração, Socket LGA1200, DDR4, Micro Atx, RGB, LED;R$ 1.490,72
30;Placa Mae, Asus, Tuf G Z690-plus D4 Intel 12GE, 90MB18U0-C1BAY0;R$ 1.617,21
31;Placa Mãe Gigabyte GA-A320M, AMD AM4, Micro ATX, DDR4, 3200mhz, HDMI, USB 3.1;R$ 433,50
32;Placa Mãe B450mh, Biostar, AMD, AM4, DDR4, Matx - Ab45cm4s;R$ 499,00
33;Placa Mae Mesk Brazilpc 1155 Bpc-h61m-t O&m;R$ 324,23
34;Placa Mãe Asrock B550M Pro4 - 90-mxbdk0-a0uayz;R$ 1.099,99
35;Placa Mãe Intel 1151 B365 MHC Oitava Geração, 2x DDR4 32GB, HDMI + VGA, Biostar - B365-MHC Vers.6.X;R$ 423,94
36;Placa Mae Biostar B550mh Ddr4 Socket Am4;R$ 899,00
37;Placa Mãe Brazil PC Desktop, AMD FM2, ATX, DDR3 - BPC-A88FM2-V2;R$ 303,49
38;Placa Mãe Gigabyte, Para Intel 1700 B660m Pro Aorus Gaming 4xddr4 Matx - B660maorusproddr;R$ 1.617,03
39;Placa Mae Biostar H510mh 2.0 Micro Atx Ddr4 Lga 1200;R$ 689,00
40;Placa Mae Intel 1151 H310m 2xddr4 32gb Hdmi/dvi/vga 8a Ger H310m-m.2-battle-ax Colorful;R$ 440,00
41;Placa Mãe H110 Lga 1151 Ddr3 Oxybr;R$ 487,90
42;Placa Mãe Asrock H510m-hvs R2.0, Intel Lga 1200, Matx, DDR4;R$ 554,31
43;Placa Mãe Gigabyte Z690 Aorus Pro, DDR4, ATX, LGA 1700;R$ 3.233,61
44;Placa Mae Intel 1200 B560m Pro4 4xddr4 11a Geração B560m Pro4 Asrock;R$ 891,00
45;Placa Mãe H61 Lga 1155 Oxybr;R$ 366,90
46;Placa Mãe Asus Prime B450M Gaming/BR, AMD AM4, MATX, DDR4;R$ 759,38
47;Placa Mãe Gigabyte Box Intel, Micro Atx, Z390 M, Gaming, DDR4, HDMI DVI-D, USB 3.0;R$ 1.107,81
48;Placa Mãe P/intel Asrock, Lga 1150, Microatx - H81m-hg4 R4.0;R$ 567,10
49;Placa Mae Afox H61 Intel Ddr3 Lga 1155 Ih61-ma2;R$ 407,61
50;Placa Mãe Asus TUF H310M-Plus Gaming/BR, Intel LGA 1151, mATX, DDR4;R$ 611,15
51;Placa Mae, Duex, Intel, Lga 1150, Ddr3 Dx, H81z;R$ 429,40
52;Placa Mãe Z590 D, Gigabyte, Intel, LGA 1200, DDR4, UD Series;R$ 1.424,61
53;Placa Mãe Z590 UD 1.0, 11ª Geração, LGA 1200, DDR4 ATX - Gigabyte;R$ 2.151,79
54;Placa Mae Gigabyte B550 Aorus Master 1.0;R$ 3.020,31
55;Placa Mãe Duex, Dx H110z, Intel 6 Geração, Ddr4, Lga1151;R$ 477,66
56;Placa Mãe Integrada Pcware Ipx4020e, Celeron Dual Core N4020 2.8GHZ, DDR4 So-dimm, HDMI, M.2 2280;R$ 545,12
57;Placa Mãe Gigabyte B660 Gaming X, Ddr5, Atx, Lga1700;R$ 1.872,04
58;Placa Mãe Micro Atx Pcware Intel Ipmh310g 1151 VGA, HDMI, DDR4;R$ 411,84
59;Placa Mãe Afox IH310C-MA2, Intel 8º e 9º Geração, LGA1151, DDR4;R$ 503,01
60;Placa Mae Gigabyte A520m Aorus Elite Socket AM4 DDR4, 1.0;R$ 825,21
61;Placa Mãe Galax H310M Plus+, Chipset H310 Intel LGA 1151, Matx DDR4;R$ 579,00
62;Placa Mãe Asus PRIME Z590M-PLUS, Intel Z590 LGA1200, mATX, DDR4 - 90MB1690-M0EAY0;R$ 1.959,00
63;Placa Mãe Gigabyte Intel LGA 1151, DDR4, Micro ATX, H310M H 1.1;R$ 565,47
64;Placa Mãe Gigabyte Z490 Aorus Master Lga 1200 Atx Ddr4 - 9az49mstr-00-11;R$ 3.731,31
65;Placa Mãe, Brazilpc, FM2 BPC-A88M, AMD FM2+, Micro-ATX, DDR3, OEM;R$ 310,45
66;Placa Mãe Asus B660m-k Prime, DDR4, Micro-ATX, LGA1700;R$ 885,60
67;Placa Mãe Brazilpc Bpc-h55m-v1 Desktop 1156 Socket: 1156, 2 slots DDR3;R$ 330,14
68;Placa Mae Intel 1151 H110  Knup,M.2 2x,DDR4 Hdmi/vga 6ª E 7°ª G Kp-h110;R$ 450,00
69;Placa Mãe Gigabyte Aorus Z490i Aorus Ultra Lga 1200 Mini Itx  Wifi Ddr4 - 9mz49arsi-00-11;R$ 2.899,00
70;Placa Mãe Gigabyte B550 Vision, D-p AM4 Atx DDR4 - 9mb55vsdp-00-10;R$ 3.086,91
71;Placa Mãe Asus, Tuf B660m-plus D4, DDR4, Micro-atx, Lga1700;R$ 1.510,11
72;Placa Mãe Gigabyte Z690 Aorus Elite Ax, DDR4, ATX, Lga1700;R$ 3.136,41
73;Placa Mãe Galax B550M AMD AM4 DDR4 mATX - AB550MAGCHY1CW;R$ 873,26
74;Placa Mãe Duex Dx H61z, Intel Segunda/Terceira Geração, Ddr3, Lga1155;R$ 340,55
75;Placa Mãe Desktop, 1156, Cyb-21-gh55, DDR3, 16GB - Isync;R$ 363,03
76;Placa Mãe Intel 1151, H370m, Hdv 2xddr4, HDMI/DVI/VGA, 9 G - H370m-hdv Asrock;R$ 562,32
77;Placa Mãe Kazuk Lga 1150, H81 Ddr3, 16gb Hdmi - Kzkh81-b;R$ 517,41
78;Placa Mãe Asus A68hm-k, DDR3, Fm2, Chipset A68, Pcie 3.0, USB 3.0;R$ 588,00
79;Placa Mãe Galax B450m AMD, Socket AM4 M-Atx - AB450magchj1cw;R$ 744,61
80;Placa Mae Lga 1151 H110z Ddr4 Box Duex;R$ 559,99
81;Placa Mae Intel 1151 H310mhp Ddr4 Hdmi/vga 9a Geração H310mhp Biostar;R$ 440,00
82;Placa Mãe Isync H61 Lga 1155 Rede 10/100/1000;R$ 569,00
83;Placa Mãe Gigabyte B560 Aorus Pro Ax Lga1200 Wi-fi Atx Ddr4;R$ 1.583,01
84;Placa Mãe, Afox Ih61-ma2 H61 1155 Ddr3 2 E 3 Geração Hdmi.;R$ 370,00
85;Placa Mãe Gigabyte, Z690 Ud, DDR5, ATX, LGA1700;R$ 2.091,51
86;Placa Mae Intel 1151 H310m-hdv 2xddr4 Hdmi/dvi/vga 9 Geracao H310-hdv/m.2 Asrock;R$ 466,88
87;Placa Mãe Duex Dx H61m Ddr3 Socket Lga1155 Chipset Intel H61 Dx-h61m;R$ 499,99
88;Placa Mãe BPC, Bpc-78 Oafx1-G V2.1, Chipset AMD 760G/SB710, AM3+, mATX, DDR3 - OEM;R$ 393,75
89;Placa Mãe Micro ATX AFOX AMD Ryzen AM4 AMD A320 VGA, HDMI, USB 3.0, DDR4 - A320-MA-V2;R$ 544,50
90;Placa Mãe Gigabyte H310M-M.2, LGA1151 8a Geração;R$ 513,79
91;Placa Mãe Asrock B550 Phantom Gaming-itx/ax Amd Soquete Am4;R$ 2.699,00
92;Placa Mae Asus Rog Maximus Xii Formula 1200, ddr4, m2, ATX;R$ 4.646,61
93;Placa Mãe ASRock A320M-HD, Chipset A320, AMD AM4, mATX, DDR4;R$ 471,45
94;Placa Mae Login Log-h310m-g Ddr4 1151 8a Geracao Intel;R$ 549,00
95;Placa Mãe Lga 1156 DDR3 H55z Duex;R$ 449,99
96;Placa Mãe Pcware, Apm-a520g DDR4 Socket Am4;R$ 437,36
97;Placa Mãe Oxybr, Lga 1151, Ddr4, H110;R$ 487,90
98;Placa Mãe Asus Itx J1800i-c/br Celeron;R$ 641,00
99;Placa Mãe 1155 Lga B75 Ffl Desktop Ddr3 C/ Espelho;R$ 449,99
100;Placa Mãe Pcware Intel, LGA1200, M-ATX, DDR4 - Ipmh510g.;R$ 642,17
101;Placa Mãe, Gigabyte, Z690 Aero G DDR4, Chipset Z690, Intel LGA 1700, ATX, DDR4;R$ 3.252,51
102;Placa Mãe Kazuk Lga775 G41 Ddr3 8gb - 1333mhz;R$ 420,07
103;Placa Mãe Kazuk Lga 775 G41 Ddr3 8gb - Kzkg41-b;R$ 420,07
104;Placa Mãe Kazuk - Intel G41 Ddr3 Lga 775 - 8gb - 1333mhz;R$ 420,07
105;Placa Mãe Gigabyte Z690 UD DDR4, Chipset Z690, Intel LGA 1700, ATX, DDR4;R$ 2.091,51
106;Placa Mãe, Brazilpc, AM4 BPC-A320M-E, Oem;R$ 439,68
107;Placa Mae Desk Brazilpc 1155 Bpc-h61c-v4 Oem;R$ 366,53
108;Placa Mae Gigabyte B550m Ds3h 1.1;R$ 1.697,45
109;Placa Mae Asus H310m-e/br Prime Lga 1151 Ddr4 Matx 8 Geração;R$ 645,19
110;Placa Mãe Desktop, 1155, Cyb-21-gh61, DDR3, 16GB - Isync;R$ 470,00
111;Placa Mãe Intel 1200 H510m 2xDDR4 HDMI/DVI/VGA11ª Geraçao - H510m-hdv Asrock;R$ 614,82
112;Placa Mae Lga 1151 Dh110mxv R3v Ddr3 Oem Foxconn;R$ 441,15
113;Placa Mãe Desktop 1156 Ddr3 Isync;R$ 363,03
114;Placa Mãe, Intel, Afox H110-ma4 Lga 1151 Ddr4 Lga 1151.;R$ 603,00
115;Placa Mae Intel 1200 H510m HDV M.2 2X DDR4, HDMI/DVI/VGA 10ªg H510m-hdv/m.2 Asrock;R$ 689,63
116;Placa Mãe Gigabyte H310M H 2.0, Micro ATX, DDR4 Intel Lga 1151, HDMI;R$ 619,00
117;Placa Mãe BrazilPC LGA1150, DDR3, BPC H81M-JEL;R$ 410,00
118;Placa Mae Intel 1151 B365m Pro4 4xddr4 9a Geração B365m Pro4 Asrock;R$ 818,40
119;Placa Mãe H81, LGA 1150 - OxyBr;R$ 409,90
120;Placa Mãe Oxybr, H310, Lga 1151;R$ 523,90
121;Placa Mãe Kazuk Lga 1150 H81 Ddr3 16gb Hdmi - Kzkh81-b;R$ 517,41
122;Placa Mãe Asus, Z690m-plus, Prime D4  Intel Lga 1700 - DDR4;R$ 2.021,98
123;Placa - Mãe, Gigabyte, B560m, Aorus Pro Ax, 1.0;R$ 1.469,61
124;Placa Mae Intel 1200 H510pro Btc+ 1xddr4 Hdmi 10 Geraçao H510probtc+ Asrock;R$ 2.079,00
125;Placa Mãe Ipmb360 Pro 8ª E 9ª Geração, LGA 1151, DDR4, 2133MHz - Pcware;R$ 498,95
126;Placa Mãe Msi A320m Pro-m2 V2 Socket Am4 Ddr4 Chipset A320.;R$ 534,57
127;Placa Mãe Asrock H510m-hvs, Intel Lga 1200 Matx;R$ 670,00
128;Placa Mae Intel 1150 H81 2xddr3 Hdmi/vga 5ª Geração H81-355u Foxconn;R$ 397,75
129;Placa Mãe Gigabyte Z690 Gaming X, Chipset Z690, Intel, Lga 1700 Atx, DDR4;R$ 2.229,29
130;Placa Mae Intel 1200, B560, 2xDDR4, HDMI/VGA, 11 Geração, B560MHP, Biostar;R$ 664,40
131;Placa Mae Intel 1200, H510, 2xDDR4, HDMI/VGA, 11 Geração, H510mhp, 2.0 Biostar;R$ 577,50
132;Placa Mãe 1155 H61 - Taicon;R$ 350,55
133;Placa Mãe Para Notebook Sony Vaio Fit Hkda Dahkdamb6a0;R$ 399,00
134;Placa Mae Brazilpc Bpc-h310 Cnbls 1151 Vga Hdmi Usb 3.0;R$ 428,54
135;Placa Mãe Bluecase Bmbh61-i2hbx - LGA 1155 DDR3 - Chipset Intel H61;R$ 492,79
136;Placa Mãe Gigabyte B660M Gaming AC, Wi-Fi, DDR4, Matx, LGA1700;R$ 1.394,01
137;Placa Mãe Gigabyte Z590 Gaming X Intel;R$ 3.019,00
138;Placa Mae Intel 1700, H610M, M.2, 2xDDR4, HDMI/VGA/DP, 12Gen, H610m-k, M.2, Colorful;R$ 632,50
139;Placa Mãe Arktek Ak-h110m Eg DDR4, Socket Lga 1151 HDMI/ VGA;R$ 912,95
140;Placa Mãe Asrock H610m-hvs, Matx Lga 1700, DDR4, HDMI, VGA;R$ 661,41
141;Placa Mãe, Intel H55 Express, Oxybr, Lga 1156;R$ 329,90
142;Placa Mãe Bluecase Ddr3 Lga 1155 BMBb75-g3hgu 10/100/1000 Usb 3.0 Hdmi Matx;R$ 429,90
143;Placa Mãe Asus Rog Strix Z590-i Wifi Lga 1200 Ddr4;R$ 4.299,00
144;Placa Mae Asus Rog Intel Lga (1200) Micro Atx Ddr4 - Strix Z590-f Gaming Wifi;R$ 4.690,00
145;Placa Mãe Asus Rog Strix Z590-I Gaming Intel;R$ 3.769,00
146;Placa Mãe Bpc-h55-v1.51 - (lga 1156 Ddr3) - Chipset Intel H55;R$ 475,19
147;Placa Mãe Integrada Pcware Ipx4020e, Celeron Dual Core N4020 2.8ghz, Ddr4 So-dimm, Hdmi, M.2 2280;R$ 548,60
148;Placa Mãe Gigabyte H310M-DS2, Intel LGA 1151, Micro ATX, DDR4 2666, Coffee Lake;R$ 599,00
149;Placa Mãe Kazuk 1155;R$ 489,90
150;Placa Mãe H61MA5, BRX;R$ 629,99
151;Placa Mãe H55ma7 - Brx;R$ 589,99
152;Placa Mãe Asus Rog Strix Z590-a Gaming Wifi Lga 1200;R$ 4.195,95
153;Placa Mãe Motherboard H410m-ac, Asrock Atx, Lga1200-sockel - 90-mxbdt0-a0uayz;R$ 1.218,79
154;Placa Mãe Gigabyte B660m D3h D4, DDR4, Micro-atx - Lga1700;R$ 1.510,11
155;Placa Mãe Dell Latitude E6440;R$ 560,03
156;Placa Mae AMD, AM4, A320M, M.2, 2xDDR4, HDMI/VGA, A320-m.2, Pro, V14, Colorful;R$ 483,75
157;Placa Mae Goline  H61-ma, Intel 1155 Micro ATX, DDR3, HDMI/VGA 3 Geração;R$ 337,50
158;Placa Mãe Knup Kp-h81k, Lga 1150, Micro Atx, Ddr3, USB 3.0, HDMI, M.2 Pcie Nvme, Rede Gigabit;R$ 390,31
159;Placa Mãe Afox Ih61-ma5-v3, Chipset H61 Intel Lga 1155, mAtx, DDR3;R$ 358,59
160;Placa Mãe, Intel H510 Express, Oxybr, Lga 1200;R$ 583,90
161;Placa Mãe, Desktop, 1155, DDR3 - Isync;R$ 470,00
162;Placa Mãe Brazil Pc Bpc-H310m Ddr4 1151 Som Video Rede;R$ 654,91
163;Placa Mãe Micro ATX AFOX 4ª Geração LGA 1150 Intel H81 VGA, HDMI, USB 3.0, DDR3 Até 8GB -  IH81-MA6;R$ 499,99
164;Placa Mãe PcWare Pro R.2, Intel 8a E 9a Geração, DDR4, Lga1151 - IPMH310G;R$ 494,78
165;Placa Mãe Biostar P/ Processador AMD, HDMI, DDR3 - A68N-2100K;R$ 487,40
166;Placa Mãe BrazilPC LGA1150, DDR3, Som, Vídeo e Rede, B85M-TG;R$ 607,19
167;Placa Mãe BrazilPC 1155, BPC H61C;R$ 449,10
168;Placa Mae Bluecase Amd Bmb320-d Box Ddr4 Am4 Rede Giga / Vga / Hdmi;R$ 566,90
169;Placa Mãe Asus Prime Z590-p - Intel 11 Ger. Socket 1200;R$ 2.159,00
170;Placa - Mãe Galax B365M, Intel, LGA 1151 Matx, DDR4, Chipset B365 - Ib365magchj1cw;R$ 674,90
171;Placa Mãe GALAX A320M, AMD AM4, M-ATX, DDR4 - Aa320magl01bw;R$ 589,90
172;Placa Mae Lga 1155 H61 Box Goldentec X-linne;R$ 393,27
173;Placa Mãe Colorful H410m-t Pro V20, Chipset H410, Intel Lga 1200, Matx, DDR4;R$ 771,21
174;Placa Mãe H61-ma5, Afox, Lga 1155, Ddr3, Vga/hdmi, M-atx;R$ 680,94
175;Placa Mae Gigabyte Z590 Ud Ac 1.1;R$ 2.499,00
176;Placa Mae Asus Prime Cpu Integrada Intel Celeron, Ddr4 - J4005i-c/br;R$ 746,91
177;Placa Mãe Gigabyte Z490 Ud Lga1200 Ddr4 Hdmi;R$ 1.679,90
178;Placa Mãe 1151 DDR3, VGA - HDMI Goline - GL-H110-MA;R$ 713,90
179;Placa Mae Pcware Ipx1800g2, Com Celeron Dual-core 2.41ghz, Hdmi, E M-sata;R$ 524,00
180;Placa Mãe B360m Pro-vh Msi 1151;R$ 1.299,00
181;Placa Mae B560m-d Battle-ax Pro V20 Intel 1200 Colorful;R$ 1.073,14
182;Placa Mae A320m-m.2 Pro V15 Amd Colorful;R$ 642,25
183;Placa Mãe Kazuk Lga 1155 H61 Ddr3 16gb Hdmi - Kzkh61-b;R$ 416,42
184;Placa Mãe Goline H81 Gl-h81-ma/ Soquete 1150/ 2xddr3;R$ 549,90
185;Placa Mãe Gigabyte Z690m A Elite DDR4/ Intel Lga 1700 Matte Black;R$ 2.091,51
186;Placa Mãe Kazuk Lga 1155 H61 Ddr3 16gb Hdmi - 2/3 Geração;R$ 416,42
187;Placa Mae Duex Intel Dx-g41z Lga 775 Ddr3;R$ 389,99
188;Placa Mãe Kazuk ,LGA 775, G41, DDR3, 8GB - Kzkg41-b;R$ 442,18
189;Placa Mãe Gigabyte B365m H Socket 1151 Ddr4 Rev. 1.0;R$ 734,99
190;Placa Mãe Isync Dh110mxv Lga 1151 Ddr3l Rede 10/100/1000;R$ 549,00
191;Placa Mae Desk 775 Bpc-g41ag-b3 Brazil Pc;R$ 449,00
192;Placa Mae Desk 151 Bpc-h110m Brazil Pc;R$ 589,00
193;Placa Mãe Biostar A68n 2100k Processador Amd E1-6010 2.0;R$ 454,90
194;Placa Mãe Gigabyte B660m Aorus Pro Ax Matx Ddr4 Lga 1700;R$ 1.858,41
195;Placa Mãe, Asus 1151 EX-B150M-V3, Oem;R$ 559,16
196;Placa Mãe Bluecase Bmbh110-i3hgu Ddr4 Lga 1151 Intel H110;R$ 583,00
197;Placa Mãe Desktop 1150 Lga Bpc-b85-dv V2.0 Para Processadores Intel Core I3 I5 E I7;R$ 549,00
198;Placa Mãe Desktop Lga 1155 H61 Ddr3 C/ Espelho;R$ 529,00
199;Placa Mãe Gigabyte Z690 Gaming X Intel Lga1700 Rev 1.0 Ddr4 Atx - Z690-gamingx;R$ 3.020,31
200;Placa Mãe Esonic H55kel Lga 1156, DDR3 1333Mhz Dimm;R$ 429,00
201;Placa Mãe Bluecase Bmb78-d2 Bulk DDR3 Am3+ Chipset Amd 760g Matx.;R$ 432,00
202;Placa Mae AMD AM4 A320m-ac M.2 2x, DDR4, HDMI, A320M-AC, Asrock;R$ 545,60
203;Placa De Vídeo AFOX Nvidia Geforce Gt240 1024 MB, PCI Express 2.0, VGA, HDMI, DVI;R$ 232,48
204;Placa de Vídeo Afox GT220, 1024 MB DDR3, 128Bits, Low Profile, HDMI, DVI, VGA - AF220-1024D3L2;R$ 178,99
205;Kit  Placa Mae 1155, Processador I5 3470, Ddr3 8gb;R$ 899,99
206;Kit Placa Mãe H55 + Processador Intel Core I3 + Memória 4gb Com 2gb+2gb Ddr3;R$ 476,10
207;Kit Placa Mãe B75 + Processador I7 3770 3,9 Ghz 8 Gb Ddr3;R$ 1.026,00
208;Kit Placa Mãe H81, Processador I3 4130, Memoria 4 GB DDR3, Cooler;R$ 629,00
209;Kit Placa Mãe B75 + Processador I7 3770 3,9 Ghz 16 Gb Ddr3;R$ 1.187,50
210;Kit Placa Mãe H61, LGA 1155, DDR3, Processador I3 3220 e Cooler;R$ 449,00
211;Kit Placa Mãe H81, Processador I5 4570, Memoria 4GB, DDR3, Cooler;R$ 735,00
212;Kit Gamer Placa Mãe Intel 1151, Processador I5 6ª Geração H110, Memória RAM 6GB DDR4, Cooler padrão RGB, Dual Channel;R$ 1.453,50
213;Kit Upgrade, Placa Mãe H61, I5 3ª Geração, Memória 8gb Ddr3.;R$ 729,60
214;Kit Placa Mãe H81 + Processador I7 4770 + Memoria 8 Gb Ddr3 + Cooler;R$ 1.160,00
215;Kit Placa Mãe H81, Processador I5 4570s, Memoria 8 Gb DDR3, Cooler;R$ 999,00
216;Kit Placa Mãe, H61 Processador, I5-3470s, Cooler Universal;R$ 1.199,00
217;Kit Upgrade, Placa Mãe H61, I5 3ª Geração, Cooler Rgb, Memória 16GB, DDR3;R$ 919,60
218;Kit Placa Mãe H55 + Processador Intel Core I5 + Memória 4gb Com 2gb+2gb Ddr3;R$ 666,00
219;Kit Upgrade, Placa Mãe H81, I5 4ª Geração, Memória 16GB, DDR3;R$ 983,25
220;Kit Placa Mãe H81 + Processador I5 4570s  + Memoria 4 Gb Ddr3 + Cooler;R$ 920,00
221;Kit Upgrade - Placa Mãe H61 + Processador I5 3470  + Memoria 8GB DDR3 + Cooler;R$ 785,00
222;Kit Placa Mãe 1155, Processador I3 2100, DDR3 4GB;R$ 736,17
223;Kit Placa Mãe H81 + Processador I5 4570 + Cooler;R$ 659,00
224;Kit Pc, Intel I3, 2100 Placa Mãe, H61 Afox, Smart Pc - Smt84055.;R$ 431,29
225;Kit Placa Mãe H61 + Proc I3 2100 + Memoria 2Gb DDR3 + Cooler;R$ 529,99
226;Kit Placa Mãe H61 + Proc I5 3470 + Memoria 4GB DDR 3 + Cooler + SSD 120;R$ 758,87
227;Kit Placa Mãe H81 + Processador I3 4130 + Cooler;R$ 625,00
228;Kit Upgrade - Placa Mãe H81 + Processador I5 4ª Geração + Memória 8GB DDR3;R$ 853,10
229;Kit Upgrade Neologic Nli84110 AMD Ryzen 5 5600g, Placa Mãe A520m-e Prime Asus, 16GB DDR4,;R$ 2.198,10
230;Kit Pc, Intel I5, 2400 Placa Mãe H61 Afox, 8gb Ddr3, Smart Pc - Smt84050.;R$ 569,63
231;Kit 1156, Placa Mãe 1156, Processador I5, DDR3 4GB;R$ 699,00
232;Kit Pc, Intel I3 2100 Placa Mãe, H61 Afox, 8gb Ddr3, Smart Pc - Smt84053.;R$ 569,35
233;Kit Upgrade Neologic Nli84048 AMD Ryzen 5 4500, Placa Mãe A320m Prime Asus, 16GB DDR4;R$ 1.728,90
234;Kit Upgrade, Placa Mãe H81, I5 4ª Geração, Memória 4gb Ddr3;R$ 786,60
235;Kit Upgrade, AMD Ryzen 5 4500, Placa Mãe A320m Prime Asus, 8GB DDR4, Neologic - NLI84047;R$ 1.513,80
236;Kit Upgrade Neologic Placa Mae Asus A520m-e Prime, Processador AMD Ryzen 7 5700G, Memoria Gamer 16GB U-DIMM Com Dissipador;R$ 3.125,74
237;Kit Upgrade, AMD Ryzen 5 4500, Placa Mãe A320m Prime Asus, Neologic - NLI84049;R$ 1.298,69
238;Kit Upgrade Amd Ryzen 3 4350g, Placa Mãe A320m Prime Asus, 16GB DDR4, Neologic - Nli83900;R$ 2.011,24
239;Kit Pc, Intel I5, 2400 Placa Mãe H61 Afox, Smart Pc - Smt84052.;R$ 431,58
240;Kit Upgrade, Placa Mãe H410 Gigabyte, Proc. I5 10400f, Mem 16gb Ddr4.;R$ 2.088,10
241;Kit Upgrade Amd Ryzen 5 5600g, Placa Mãe A520m-e Prime Asus, Neologic - Nli84111;R$ 1.767,89
242;Kit Upgrade Amd Ryzen 5 5600g, Placa Mãe A520m-e Prime Asus, 8gb Ddr4, Neologic - Nli84109;R$ 1.983,00
243;Kit Upgrade Intel I5 12400f, Placa Mãe Asus Prime H610m-e D4;R$ 2.442,90
244;Kit Upgrade - Com Placa Mãe Z490 + Processador I5 10400F 10a Geração + Cooler;R$ 3.299,00
245;Kit Upgrade Processador Intel Core I5 10400F, Memória 16GB RAM DDR4 Dual-Channel e Placa Mãe Gigabyte H410;R$ 2.145,29
246;Kit Upgrade - Placa Mãe 1155 + Processador I7 3700 + DDR3 4GB;R$ 1.203,27
247;Kit Upgrade, AMD Ryzen 5 4600G, Placa Mãe A320m Prime Asus, 16GB DDR4, Neologic - NLI84045;R$ 2.065,00
248;Kit Pc, Intel I5, 2400 Placa Mãe H61 Afox, 16gb Ddr3, Smart Pc - Smt84051.;R$ 707,69
249;Kit Upgrade Intel I3 10100f / Placa Mãe Gigabyte H510m H Ddr4;R$ 1.356,56
250;Kit Upgrade, AMD Ryzen 5 4600G, Placa Mãe A320m Prime Asus, Neologic - NLI84046;R$ 1.634,80
251;Kit Upgrade Intel I5 10400f / Placa Mãe Gigabyte H510m H Ddr4;R$ 1.808,33
252;Kit Upgrate AMD Ryzen 5 5600G, Placa Mãe A520m, Mem DDR4 16GB;R$ 2.656,00
253;Cooler Akasa Para Chipset De Placa Mãe, Baixo Ruído, AK-210-BK;R$ 39,59
254;Kit Upgrade AMD Ryzen 5, 5600g, Placa Mãe Gigabyte A320m S2h DDR4, Memória DDR4 16GB 2x8, 3200mhz;R$ 2.535,74
255;Kit Upgrade Deutel Pc AMD Ryzen 3 4100 + Placa Mãe AM4 A320m DDR4;R$ 1.448,00
256;Kit Upgrade Amd Ryzen 3 4350g, Placa Mãe A320m Prime Asus, Neologic - Nli83901;R$ 1.581,02
257;Kit Upgrade, Intel Core i3-3220 + Placa mãe H61 + Cooler Universal;R$ 799,00
258;Kit Upgrade AMD Ryzen 5 5600g, Placa Mãe Gigabyte A320m S2h DDR4;R$ 1.959,51
259;Kit Upgrade Amd Ryzen 5 4600g, Placa Mãe A320m Prime Asus, 8gb Ddr4, Neologic - Nli84044.;R$ 1.849,90
260;Kit Upgrade Amd Ryzen 5 5600g, Placa Mãe Gigabyte A320m, S2h, DDR4, Memória DDR4, 8GB, 3200mhz;R$ 2.127,20
261;Kit Placa Mãe H61 + Proc I3 2100 + Memoria 4GB, DDR3 + Cooler + SSD 240;R$ 699,99
262;Kit Placa Mãe H81 + Processador I3 4130 + Memoria 4GB DDR3 + Cooler;R$ 679,99
263;Kit Placa Mãe H81 + Proc I3 4130 + Memoria 8GB DDR3 + Cooler + SSD 480;R$ 999,99
264;Kit Placa Mãe H61 + Proc I5 2400 + Memoria 8Gb DDR3 + Cooler + SSD 240;R$ 802,63
265;Kit Placa Mãe H61 + Processador I3 3220 + Mem 8Gb DDR3 + Cooler+ SSD 240;R$ 792,79
266;Kit Upgrade Processador Intel® Core™ I3 10100f + Placa Mãe Gigabyte H510m-h  + Memória 8gb Ddr4;R$ 1.610,39
267;Kit Upgrade: Processador Intel Core i5 3470 3a Geração + Placa Mãe H61, Memória 4GB DDR3 + Cooler 1155;R$ 663,10
268;Cabo Extensor 24 Pinos 20 + 4 Pinos - Para Placa Mãe - 40cm - Akasa Flexa P24 Ak-cbpw06-40bk;R$ 80,07
269;Kit Upgrade Processador Intel Core I7 10700f + Placa Mãe Gigabyte H510m-h + Memória 8gb Ddr4;R$ 3.141,59
270;Kit Upgrade Processador Amd Ryzen 7 5800x + Placa Mãe Gigabyte  B550m Aorus Elite + Memória 8gb Ddr4;R$ 4.320,79
271;Kit Upgrade AMD Cardinal Zen2 Processador AMD Ryzen 7, 4700s, Memória RAM 16GB DDR4 + Placa Mãe - 100-900000005;R$ 1.131,21
272;Bateria Cr2032 Lithium 3v - Miracell - Tipo Moeda - Para Placa Mãe, Alarmes Automotivos E Relógios;R$ 3,61
273;Kit Intel Placa Mãe Asus I7 8700, Memória 32GB DDR4;R$ 3.090,00
274;Kit 1156, Placa Mãe H55, Processador I3, DDR3 4GB;R$ 689,00
275;Kit Intel Placa Mãe Asus I7 8700, Memória 16GB DDR4;R$ 2.680,00
276;Kit Pc. Intel I3, 2100 Placa Mãe H61 Afox, 16gb Ddr3, Smart Pc - Smt84054.;R$ 707,40
277;Kit Placa Mãe Desk 151 Bpc-h110m-d4 I5 6º Geração E Cooler;R$ 1.399,00
278;Kit Upgrade Décima Geração Placa Mãe H510m + I3 10100f;R$ 1.350,90
279;Kit Upgrade Intel I5 12400f, Placa Mãe Asus Tuf B660m-plus;R$ 3.020,76
280;Kit Upgrade Amd Ryzen 7 5700g, Placa Mãe A520m-e Prime Asus, Neologic - Nli84114;R$ 2.695,53
281;Kit Upgrade Amd Ryzen 3 4350g, Placa Mãe A320m Prime Asus, 8GB DDR4, Neologic - Nli83899;R$ 1.796,12
282;Kit Upgrade Amd Ryzen 7 5700g, Placa Mãe A520m-e Prime Asus, 8gb Ddr4, Neologic - Nli84112;R$ 2.910,63
283;Kit 775 Placa Mae + Core 2 Duo + Ddr3 4gb;R$ 535,47
284;Kit 1151 Placa Mae H110 + Processador I5 6400 + Ddr4 4gb;R$ 1.859,00
285;Kit 1155 Placa Mae 1155, Processador I5 2400, DDR3 8Gb;R$ 971,07
286;Kit 1155 Placa Mae 1155, Processador I5 3470, DDR3 4GB;R$ 1.017,97
287;Kit 1155 Placa Mae 1155 + Processador I5 2400s + DDR3 4GB OEM;R$ 881,97
288;Kit 1155 Placa Mae 1155 + Processador I3 3240 + Ddr3 4gb;R$ 814,97
289;Cabo Extensor 8 Pinos, Para Alimentação De Placa Mãe De 8 Pinos 45cm, Vermelho, Aerocool - EN54843;R$ 46,63
290;Cabo Extensor 8 Pinos - Para Alimentação De Placa Mãe De 8 Pinos - 45cm - Aerocool En56061;R$ 46,63
291;Kit Upgrade Neologic, Nli83338, Ryzen 5, 4650G , Placa Mae Asus Prime A320m-k.;R$ 1.554,12
292;Kit Upgrade Com Placa Mãe H61 Processador I7 E Cooler;R$ 1.599,00
293;Cooler FAN Rise Mode Galaxy Motherboard 140mm, Led ARGB, 5V - RM-MB-04-5V;R$ 29,99
294;Cooler Fan Rise Mode Galaxy Motherboard, 120mm, ARGB, Preto - RM-MB-01-5V;R$ 34,99
295;Kit Upgrade,Pc, Placa Mãe, 1151 H110 + Intel Pentium G4560.;R$ 1.159,00
296;Kit Upgrade 1200 Placa Mae Gigabyte 1200 + Dual Core G5905 + Ddr4 4gb - OEM;R$ 1.422,97
297;Kit Upgrade 1200 Placa Mae Gigabyte 1200 + Dual Core G5925 + Ddr4 4gb - OEM;R$ 1.516,97
298;Kit Upgrade,1151 Placa Mae ,1151 + Processador I5 7500 + Ddr3 4gb.;R$ 1.811,78
299;Kit Upgrade 1150 Placa Mae 1150 + Processador I5 4590 + Ddr3 4gb - OEM;R$ 1.172,97
300;Kit Upgrade 1200 Placa Mae Gigabyte 1200 + I3 10100 + Ddr4 8gb - OEM;R$ 2.739,97
301;Kit Upgrade 1200 Placa Mae Gigabyte 1200 + I3 10100 + Ddr4 4gb - OEM;R$ 2.359,77
302;Cooler Fan Rise Mode Galaxy Motherboard, 120mm, RGB, Preto - RM-MB-01-12V;R$ 24,99
303;Kit Upgrade Intel I5 10600kf / Placa Mãe Asus Tuf B460m Plus;R$ 3.232,14
304;Kit Upgrade Intel I7-10700, Placa Mãe H410m Com Water Cooler;R$ 4.790,00
305;Kit Upgrade Intel I5 10600kf / Placa Mãe Asus Tuf B460m Plus / Memória Kingston Hyperx 2x8gb 2666mhz;R$ 4.069,40
306;Kit Upgrade, Intel I9-9900k, Placa Mãe H310, Com Water Cooler;R$ 5.599,00
307;Kit Upgrade - Core Duo E7200 + Placa Mãe G41 + 4GB RAM + Cooler;R$ 659,00
308;Kit Upgrade Intel Core I5-3470 Placa Mãe H61 E Cooler;R$ 1.099,00
309;Kit Upgrade, Intel Pentium G4560, Placa Mãe H110m, Com Cooler;R$ 1.599,00
310;Kit Upgrade, Intel Core I7-4770, Placa Mãe Isync H81, E Cooler;R$ 1.599,00
311;Kit Upgrade com Processador Intel Core i5-10400f, Placa Mãe Asus TUF B460m Plus;R$ 2.599,90
312;Kit Processador Intel Core i3-10105 + Placa Mãe ASRock B560M Steel Legend, Intel LGA1200, MATX+ Memória XPG Gammix D30, 8GB, 3200MHz, DDR4;R$ 1.836,00
313;Kit Processador Intel Core i3-10105 + Placa Mãe ASRock B560M-HDV, Intel LGA1200, M-ATX + Memória XPG Spectrix D50, RGB, 8GB, 3000MHz, DDR4;R$ 1.657,50
314;Cabo Extensor 8 Pinos - Para Alimentação De Placa Mãe De 8 Pinos - 45cm - Branco - Aerocool En54850;R$ 46,63
315;Cabo Extensor 8 Pinos - Para Alimentação De Placa Mãe De 8 Pinos - 45 Cm - Aerocool En56078;R$ 46,63
316;Kit Processador Intel Core i3-10105F + Placa Mãe ASRock B560M Pro4, LGA1200, MATX, DDR4 + Memória XPG Spectrix D50, RGB, 8GB, 3200MHz, DDR4;R$ 1.647,30
317;Cabo Extensor 8 Pinos, Para Alimentação De Placa Mãe De 8 Pinos, 45cm, Azul, Aerocool - EN54836;R$ 46,63
318;Kit Upgrade Neologic Nli83340 Ryzen 5 4650G , Placa Mae Asus Prime A320m-k, Memoria Neologic 16GB,  2x8GB  3000mhz - Nl8GB;R$ 1.984,34
319;Kit Upgrade, Processador AMD Ryzen 5 5600G e Placa Mãe Biostar B450MH;R$ 1.949,00
320;Cooler Fan Rise Mode Cool Motherboard, 120mm, ARGB, Preto - RM-ARGB-05-5V;R$ 24,99
321;Cooler FAN Rise Mode Galaxy Motherboard 140mm, Led RGB, 12V - RM-MB-04-12V;R$ 29,99
322;Processador Intel I5-12400, 2.5ghz, 18 MB, 6 Núcleos, 12 Threads, LGA 1700 - Bx8071512400;R$ 1.328,00
323;Processador Intel Core i3-10105 10 geração, 3.70 GHz, 6 MB, 4 Núcleos, 8 Threads, Soquete LGA 1200 - Bx8070110105;R$ 839,80
324;Processador Ryzen 7 5700g, AMD, Am4, 3.8 Ghz, 20 MB, com Video - 100-100000263box;R$ 2.248,17
325;"HD WD Blue, 4TB, 5400RPM, Cache 256 MB, 3.5"", SATA - WD40EZAZ";R$ 539,99
326;Cooler Fan Risemode Galaxy RGB RM MB 04;R$ 54,00
327;Hd Wd Purple 6tb 5640 Rpm 3.5´ Sata Cache 128 Mb Wd62purz;R$ 1.469,61
328;Processador Intel Core I3-7100 7a Geração, Kaby Lake 3.9GHz, Socket LGA 1151, Cache 3 MB - BX80677I37100;R$ 599,90
329;Processador Intel 1155 Core I5-3470S, 2.90GHZ, Cache 6 MB, Quad Core, Num de threads 4, LGA1151, Vídeo Integrado - OEM;R$ 266,03
330;Processador AMD Ryzen Threadripper Pro 5975WX, 128 MB, 32 Núcleos, SP3 WOF - 100-100000445WOF;R$ 19.899,99
331;HD Seagate 1TB Barracuda, 6GB/s, Cache: 64 MB, 3.5', SATA - St1000dm010;R$ 316,67
332;Processador Intel Core I3-10105f 6mb 3.7ghz, Cache: 6 MB Threads: 8, 4.4ghz Lga-1200;R$ 609,00
333;Processador Intel Core I5-2400 Desk 1155, 3.10GHz, Cachê  6 MB, 4 Núcleos,  Oem;R$ 206,92
334;Processador Intel Core I5-4570,4a Geração, 3.20GHZ, 6 MB SmartCache, Quad Core, LGA 1150 - OEM;R$ 392,33
335;Fita De Led Akasa Vegas Mb - Rgb - 50cm - Fita Magnética - Ak-ld05-50rb;R$ 85,35
336;"Processador, Desk Intel 1155, Core I7-3770, 3.40GHZ Cache: 8 MB SmartCache N de threads: 8; Oem";R$ 599,96
337;Processador Intel Core I3-3220 3.30 Ghz Cache: 3 MB Nº de threads: 4, 2 Núcleos Ddr3;R$ 229,00
338;Cabo Para Iphone Baseus Usb 1m 2.4a Led 480 Mb / S Com Led;R$ 46,74
339;Motherboard Pcware Mini Atx Ipx3060 E1 Dcr-e 2018/ 17970-0;R$ 507,80
340;Modulo De Bateria Mb 0145 12v;R$ 1.116,26
341;Modulo De Baterias Mb 0609 36v-tw;R$ 1.805,28
342;Modulo De Baterias Mb 0609 36v-rt;R$ 2.255,29
343;Placa Mãe Gigabyte B450m, Ds3h, V2, Am4 Ddr4, HDMI, Microatx;R$ ---
344;Placa Mãe H61 Lga 1155 2ª 3ª B75 Gigabit Usb 3.0 Pc-tech;R$ ---
345;Placa Mãe MSI MAG B660M Mortar, Intel LGA1700, mATX, DDR4 - 911-7D42-010;R$ ---
346;Placa Mae AMD AM4 B450m M.2 4X, DDR4 HDMI/DVI/VGA, B450m Pro4 R2.0, Asrock;R$ ---
347;Placa Mãe Asus Prime B450m Gaming Ii Matx Am4 Ddr4 Dvi Hdmi D-sub Usb 3.1 M.2;R$ ---
348;Placa Mãe Gigabyte H310M M.2 2.0, Chipset H310, Intel LGA 1151, mATX, DDR4;R$ ---
349;Placa Mãe Duex Dx H61z, Intel 2º/3º Geração, Ddr3, Socket Lga1155;R$ ---
350;Placa Mãe Amd Gigabyte B450m Ds3h Ddr4 Am4;R$ ---
351;Placa Mãe Gigabyte B550M Gaming AMD AM4 mATX DDR4 PCIe 4.0;R$ ---
352;Placa Mãe H61 Lga 1155 2ª E 3ª Rd 10x Usb 2xddr3 Pc-tech;R$ ---
353;Placa Mãe Asus Tuf Gaming B450m-plus Ii Am4 Ddr4 Matx;R$ ---
354;Placa Mãe Asrock B450M, Steel Legend, AM4 - 90-MXB9Y0-A0UAYZ;R$ ---
355;Placa Mãe Gigabyte B550 Aorus Elite, Ddr4, Atx, Am4;R$ ---
356;Placa Mae Asus Prime Z690-P DDR5 - 90mb19q0-M0eay0;R$ ---
357;Placa Mãe Gigabyte B550, Aorus Elite V2 Atx DDR4 Am4;R$ ---
358;Placa Mae, Intel 1150 Ih81-ma 2xddr3 Hdmi/vga 4º G Ih81-ma Afox.;R$ ---
359;Placa Mãe Gigabyte B450, Aorus M Amd DDR4, Matx, Socket Am4;R$ ---
360;Placa Mãe H310M, Gigabyte, Intel, LGA 1151, M.2, Micro ATX - H310M-S2P-2.0;R$ ---
361;Placa - Mãe Asrock Intel DDR4 - H510m-hvs;R$ ---
362;Placa Mãe Rog Strix Z590-f Gaming, Wifi, DDR4, Lga1200, 10 e 11 Geração;R$ ---
363;Placa Mae Gigabyte Z590 Aorus Elite Ax 1.0;R$ ---
364;Placa Mãe Desktop 1150 Ddr3 Isync;R$ ---
365;Placa Mãe Biostar A68MHE Pro FM2+;R$ ---
366;Placa Mãe B450m, Gigabyte Gaming, Matx, Amd Am4, Ddr4;R$ ---
367;Placa Mae Intel 1150 H81 2X, DDR3, HDMI/VGA 5ª Geração, H81-355u, Foxconn;R$ ---
368;Placa Mãe Asrock A520m-hdv Amd Am4 Matx Ddr4 - 90-mxbe50-a0uayz;R$ ---
369;Placa Mae ASUS ROG Maximus XII Extreme, 1200, DDR4, M2, EATX;R$ ---
370;Placa Mãe Bluecase Fm2+ Ddr3 16gb Rede Gigabyte Bmba88-a2hg;R$ ---
371;Placa Mãe Asus Rog Strix Z690-g Gaming Wi-fi Intel Soquete Lga 1700;R$ ---
372;Placa Mãe Kazuk LGA 1156 H55 DDR3 8gb HDMI, 1600mhz;R$ ---
373;Placa Mãe Hyperpc H61, Lga 1155, Ddr3,  HDMI E VGA - Tg-h61-303-u/p;R$ ---
374;Placa Mãe Msi A520m-a Pro  Amd Am4 Matx Ddr4 Hdmi Gigalan;R$ ---
375;Placa Mãe Gigabyte Z690 Aorus Ultra;R$ ---
376;Placa Mae Asus Tuf Gaming Z690-Plus, Wi-Fi, DDR5 - 90mb1aw0-M0eay0;R$ ---
377;Placa Mãe Gigabyte X570s Aorus Elite Chipset X570 Amd Am4 Atx Ddr4;R$ ---
378;Placa Mãe Tuf Gaming X570-plus Amd Am4 Atx Ddr4 Asus;R$ ---
379;Placa Mãe Amd Am4 B550m-hdv, M.2 2xddr4 HDMI/DVI-d B550m-hdv Asrock;R$ ---
380;Placa Mãe Gigabyte Z690 Aero D, Wi-Fi, DDR5, ATX, LGA 1700;R$ ---
381;Placa Mãe Biostar H410mh/s2 Chipset H410 Intel Lga 1200 Matx Ddr4;R$ ---
382;Placa Mãe Gigabyte X570s Gaming X Amd Socket Am4, Atx, DDR4;R$ ---
383;Placa Mãe Gigabyte, B365m Gaming HD, Lga1151 DDR4, HDMI;R$ ---
384;Placa Mae Intel 1151 B365m Pro4 4xddr4 9a Geração B365m Pro4 Asrock;R$ ---
385;Placa Mãe Gigabyte Z490 UD, LGA 1200, DDR4, HDMI;R$ ---
386;Placa Mãe Asus Prime H510m-e, Intel Lga 1200, Microatx, DDR4 - 90mb17e0-c1bay0;R$ ---
387;Placa Mãe Gigabyte A320m-s2h, V2, DDR 4, 32GB, Socket, AM4;R$ ---
388;Placa Mãe H81M-HG4 Micro-ATX, para Intel Asrock, DDR3, LGA 1150;R$ ---
389;Placa Mae Asus Tuf B450m Plus Gaming Micro Atx Ddr4 Am4;R$ ---
390;Placa Mãe Amd Am4, B450m-hdv HDMI/DVI/VGA - B450m-hdv Asrock;R$ ---
391;Placa Mae Lga 1151 Ddr4 Ga-h110tn-m Gigabyte - OEM;R$ ---
392;Placa Mae Amd Am4 B450 2xddr4 Hdmi/displayport Fatal1ty B450 Gaming-itx/ac Asrock;R$ ---
393;Placa Mãe Gigabyte Z590i Vision D Lga 1200 Mini-itx Ddr4;R$ ---
394;Placa Mãe Asrock X570 Steel Legend Am4 Rgb Atx - X570-steel-legend;R$ ---
395;Placa Mae (amd) Asus Prime B450m-gaming/br Ddr4 Am4;R$ ---
396;Placa Mãe Msi Mag Z590 Tomahawk Wifi, Intel Lga 1200, Atx, DDR4;R$ ---
397;Placa Mãe, Asus AM3+ M5A78l-M LX3, Oem;R$ ---
398;Placa Mãe Asus H110m-cs, Intel 6/7ª Geração, Ddr4, Lga1151;R$ ---
399;Placa Mae AMD AM4 A520 M.2 4X, DDR4, HDMI/VGA/displayport, A520m-a Ii, Asus;R$ ---
400;Placa Mãe H81, Lga1150,1066/1333mhz - Pc-tech;R$ ---
401;Placa Mae, Asus, Rog Strix Z690-a Intel 12ger, 90mb18k0m0eay0i;R$ ---
402;Placa Mãe Gigabyte B550m H, AMD Am4 DDR4 Micro Atx Rev 1.0 - B550m-h;R$ ---
403;Placa Mãe Gigabyte H470i Aorus Pro Ax Lga1200 Mini Itx Wifi Ddr4 - 9mh47arsi-00-10;R$ ---
404;Placa Mãe H310, Afox Ih310c-ma6-v2 (lga1151/DDR4/VGA/HDMI/m-atx);R$ ---
405;Placa Mãe Asus Pro WS WRX80E-SAGE SE WIFI - 90MB1590-M0EAY0;R$ ---
406;Placa Mãe Gigabyte H110m-s2v, Intel, Socket Lga 1151, DDR4;R$ ---
407;Placa Mãe Para Intel Celeron Integrado, DDR3L, Mini ITX, Asus, J1800I-C/BR;R$ ---
408;Placa Mae Intel 1150 Ih81-ma 2xddr3 Hdmi/vga 4º G Ih81-ma Afox;R$ ---
409;Placa Mae Intel 1156 H55-ma 2xddr3 Vga/hdmi 1ª Geraçao Gl-h55-ma Goline;R$ ---
410;Placa Mãe LGA 1200 Z490 M Gaming, DDR4, HDMI, Gigabyte;R$ ---
411;Placa Mãe H81 Brx Intel Lga 1150 Ddr3 Vga Hdmi Brx-h81 - Brx;R$ ---
412;Placa Mãe Gigabyte Z490 Gaming X Lga1200 Ddr4 Hdmi Atx;R$ ---
413;Placa Mãe Afox H61 Intel Ddr3 Lga 1155 Ih61-ma2-v2 I3/i5/i7;R$ ---
414;Placa Mãe Gigabyte X570s Aorus Elite Ax, Ddr4, Atx, Am4;R$ ---
415;Placa Mae Gigabyte Z590 Vision G 1.0;R$ ---
416;Placa Mãe Goldentec G41 (lga 775 DDR3) - Chipset Intel G41 - Gt43766;R$ ---
417;Placa Mae Intel 1151 B365m Pro4-f M.2 Pcie 4xddr4 9 Geraçao B365m Pro4-f Asrock;R$ ---
418;Placa Mãe Gigabyte B450m, DS3h, Wi-Fi, AM4, DDR4;R$ ---
419;Placa Mãe Msi Mag B660m Mortar Wifi;R$ ---
420;Placa Mae Gigabyte  Z590 Aorus Ultra 1.0;R$ ---
421;Placa Mãe Asus Z690-g Rog Strix Gaming Wifi - 90mb19g0-m0aay0;R$ ---
422;Placa Mãe Gigabyte B560m Ds3h V2 Lga1200 10/11g Matx DDR4;R$ ---
423;Placa Mãe H470, Gigabyte, Intel, Aorus Pro Ax, Ddr4, Lga 1200;R$ ---
424;Placa Mãe Msi Pro Z690-a, Lga 1700, Atx, Ddr5 - Pro Z690-a;R$ ---
425;Placa Mãe Pcware Ipmh510g, Intel 10ª/11ª Geração, Lga1200, Ddr4, Micro Atx, Oem;R$ ---
426;Placa Mãe Gigabyte A520m S2h Amd Am4 Ddr4;R$ ---
427;Placa Mãe Duex Dx H61Z, Intel 2º/3º Geração, DDR3, Socket Lga1155;R$ ---
428;Placa Mãe Asrock B460 Steel Legend Lga 1200 Atx Ddr4 Hdmi Displayport 2x Pcie M.2 Usb3.2 Rgb Sync 90-mxbcq0-a0uayz;R$ ---
429;Placa Mãe Tg-h61-s Intel  - Lga1155 Ddr3 Oem;R$ ---
430;Placa Mãe Gigabyte B660 Aorus Master, DDR5, Atx, Lga1700;R$ ---
431;Placa Mae Z690 Ud Ax DDR4 Lga 1700 Atx Ax201ngw Gigabyte.;R$ ---
432;Placa Mãe Asus TUF GAMING B560M-PLUS WIFI, Intel LGA1200, microATX, DDR4 - 90MB1770-M0EAY0;R$ ---
433;Placa Mãe Gigabyte Z690 Aorus Ultra, DDR 5, ATX, LGA1700;R$ ---
434;Placa Mãe Gigabyte, Micro ATX H410M H, Intel 10a Geração, DDR4;R$ ---
435;Placa Mae Intel 1155 H61-ma 2xddr3 Hdmi/vga 3ª Geraçao Gl-h61-ma Goline;R$ ---
436;Placa Mãe, Pcware, 1151 IPMH310G PRO, Oem;R$ ---
437;Placa Mãe Pcware H510g Intel 1200 DDR4;R$ ---
438;Placa Mãe Goline Gl-h110-m2 Socket Lga 1151 / VGA/ DDR4;R$ ---
439;Placa Mãe Desktop 1150 Cyb-21-eh81 DDR3 16GB Isync;R$ ---
440;Placa Mãe Asus Prime H610m-e D4, Intel Lga1700, DDR4, Micro Atx;R$ ---
441;Placa Mae H81 Lga1150 i3/i5/i7/Celeron/Pentium, 2 Slots Ddr3, 1 Slot Pci Express X16, 2 Usb 3.0 Kp-h81 Knup;R$ ---
442;Placa Mãe BRX Tg-h61-s, Intel 2ª E 3ª Geração, LGA1155, DDR3;R$ ---
443;Placa Mãe Gigabyte Z690 Aorus Elite, Ddr4, Atx, Lga1700.;R$ ---
444;Placa Mãe Gigabyte B660 Aorus Master D4, DDR4, ATX, LGA1700;R$ ---
445;Placa Mãe Gigabyte, A320m S2h Am4, DDR4 Dvi USB 3.1 HDMI - Ga-a320m-s2h;R$ ---
446;Placa Mãe Asus Tuf Gaming Z690-Plus - 90mb1av0-M0eay0;R$ ---
447;Placa Mãe Brazilpc Fm2+ Bpc-a88-f2f DDR3 Vga HDMI Oem;R$ ---
448;Placa Mãe Gigabyte B660i Aorus Pro D4, Wi-fi, DDR4, Itx - Lga1700;R$ ---
449;Placa Mãe Asus Tuf Gaming X570 Pro, Wi-Fi, DDR4, ATX, AM4;R$ ---
450;Placa Mãe, Asus H610m-d Prime, DDR4, Micro-atx, LGA1200;R$ ---
451;Placa Mãe Gigabyte Ga-imb4005tn-m Celeron Dual Core Ddr4 - Gigabyte;R$ ---
452;Placa Mae Intel 1156, H55-ma 2xDDR3 Vga/hdmi, 1ª Geraçao, Gl-h55-ma Goline.;R$ ---
453;Placa Mãe Mini-Itx Ipx40050g Pro Processador J4005 2.0Ghz Integrado Ddr4 Sodimm, 2Xusb 3.0 2Xusb 2.0 Placa Mãe Mini-Itx Ipx40050g Pro Processador J4005 2.0Ghz Integrado Ddr4 Sodimm. 2Xusb 3.0 2Xusb 2.0;R$ ---
454;Placa Mãe AsRock B550M Steel Legend, mATX, AM4, DDR4, HDMI - 90-MXBCU0-A0UAYZ;R$ ---
455;Placa Mãe Asrock H410M-HVS, LGA 1200, mATX, DDR4, HDMI, VGA, USB 3.2 - 90-MXBDC0-A0UAYZ;R$ ---
456;Placa Mae LGA 1155 DDR3 HDMI TCN H61 X-Linne;R$ ---
457;Placa Mae LGA 1151 DDR4 GA-H110M-S2V Gigabyte;R$ ---
458;Placa Mãe Gigabyte AMD FM2+, Fm2, DDR3, USB3 - GA-F2A68HM-S1;R$ ---
459;Placa Mãe Afox H110, DDR3, LGA1151 - IH110-MA7-V2;R$ ---
460;Placa Mãe Asrock AM3, DDR3 - 760GM-HD;R$ ---
461;Placa Mãe Asrock para AMD FM2A68M-HD+ R2.0 Fm2+;R$ ---
462;Placa Mãe TCN Intel G41, DDR3, LGA 775, X-Linne;R$ ---
463;Placa Mãe Pcware Ipx1800e2, Ddr3/l So-dimm, Intel J1800 Integrada, Hdmi E M-Sata;R$ ---
464;Placa Mae Gigabyte B560m Aorus Pro 1.0;R$ ---
465;Placa Mãe Gigabyte, B560m Ds3h DDR4 Matx Lga 1200 10ª/11ªg;R$ ---
466;Placa Mae Servidor Intel Gigabyte C246m-wu4 Xeon E-2000 Lga1151 Ddr4 Ecc Udimm Chipset C246;R$ ---
467;Placa Mae Servidor Intel S2600stbr Dual Xeon Ddr4 Lga3647;R$ ---
468;Placa Mae Integrada J1800MH2 Biostar;R$ ---
469;Placa Mae, LGA, 1151, DDR3, H110, 16GB, Rede 10/100/1000, Bluecase;R$ ---
470;Placa Mae Asrock Mini Itx - D1800b-itx - Com Intel Celeron Dual-core;R$ ---
471;Placa Mae Lga 1151 Ws C246 Pro Asus;R$ ---
472;Placa Mãe Asus Prime B550M-A AMD AM4 mATX DDR4 - 90MB14I0-M0EAY0;R$ ---
473;Placa Mãe Galax B450M INTEL Socket AM4 M-ATX - IB460MAGBAY1CW;R$ ---
474;Placa Mãe Asus Tuf Gaming B550m-plus, Amd Am4, Ddr4, Matx;R$ ---
475;Placa Mãe Asus Tuf Gaming Z490-plus, Intel Decima Geração, Ddr4, Lga 1200 - 90mb1340-c1bay0;R$ ---
476;Placa Mãe Brx H81, Intel Quarta Geração, Ddr3, Lga1150;R$ ---
477;Placa Mae,Asrock, LGA, Am3,+ 760GM-HD;R$ ---
478;Placa Mãe, Gigabyte, LGA, AM4,  A320M-H (DDR4/M-ATX/AM4/DVI-D/HDMI);R$ ---
479;Placa Mãe Pcware Ipmh110g Intel - Ddr3 Lga1151;R$ ---
480;Placa Mãe I3  I5 I7 Asus H81m-k S V R 4ª Geração;R$ ---
481;Placa Mae P/intel Brazilpc Bpc-h55m-v1 Lga1156 Oem;R$ ---
482;Placa Mãe BMBH-D, Box, DDR3, 1155P, rede 10,100,1000 16GB, VGA, HDMI - Bluecase;R$ ---
483;Placa Mãe Kazuk 1155;R$ ---
484;Placa Mãe, Lenovo,  Ideapad, 320-15iap - Celeron Ddr3l Nm-b301;R$ ---
485;Placa Mãe Lenovo T430u Vilt3 Nzm4h-7 Em;R$ ---
486;Placa Mae Lenovo Thinkpad T480 Core I5-8350u Et480 Nm-b501;R$ ---
487;Placa Mae Bluecase Bmbf68-d Bulk Ddr3 Fm2+ Rede 10/100/1000;R$ ---
488;Placa Mae Duex Dx H61gs, 1155 Ddr3, Vga Hdmi;R$ ---
489;Placa Mae Brazilpc 1156 Bpc-h55kfl Ddr3 Hdmi Vga OEM;R$ ---
490;Placa Mae Brazilpc Fm2+ Bpc-a88m-g V2.1 Ddr3 Vga/hdmi;R$ ---
491;Placa Mae Duex Intel Lga 1150, Ddr3, Dx H81m;R$ ---
492;Placa Mãe Ght Zx-h61c v2.3, Intel 2a/3a Geração, Ddr3, Lga1155;R$ ---
493;Placa Mãe Asrock H470, Steel Legend, Intel Lga, 1200, Atx, Ddr4 - 90-MXBCK0-A0UAYZ;R$ ---
494;Placa Mãe Gigabyte B365m Ds3h Wifi Ddr4 Socket Am4 M.2;R$ ---
495;Placa Mãe, Duex 1155, Ddr3, Vga, Hdmi - DX H61Z;R$ ---
496;Placa Mae 1151 Brazil Pc H110z-d3 V1.1 Ddr3/vga/hdmi/usb 3.0;R$ ---
497;Placa Mãe Desktop Lga 1200 Intel Placa Mãe  911-7d18-002 B560m Bazooka Matx Ddr4 5066mhz Oc Dual M.2 Hdmi Usb 3.2;R$ ---
498;Placa Mae Asus Prime B560m-a;R$ ---
499;Placa Mãe Desktop Lga 1200 Intel Placa Mãe  911-7d18-014 B560m Pro-vdh  Matx Ddr4 5066mhz Oc Dual M.2 Hdmi Usb 3.2;R$ ---
500;Placa Mãe Asus Prime B560M-K;R$ ---
501;Placa Mãe 1150 H81m Sqbox;R$ ---
502;Placa Mae Intel 1155 DDR3, HDMI/VGA, Terceira Geração, Afox, IH61-MA7;R$ ---
503;Placa Mae Intel 1150 2xddr3 Hdmi/vga/m-atx 4º Geracao Ih81-ma6 Afox;R$ ---
504;Placa Mãe Biostar A520mh Amd Am4  Matx  Ddr4;R$ ---
505;Placa Mãe Gigabyte B450M Aorus Elite AMD AM4 mATX DDR4 9MB45MAET-00-10;R$ ---
506;Placa Mae Gigabyte X570 Gaming X, Amd Am4 Atx, Ddr4 Hdmi;R$ ---
507;Placa Mãe ASRock B460 Phantom Gaming 4, LGA 1200 Intel, USB 3.2, Slot M.2 - ATX;R$ ---
508;Placa Mãe Gigabyte lga 1200/ddr4/hdmi/d-sub/raid/m.2/usb 3.2 - H410m H;R$ ---
509;Placa Mãe Asus Prime - A320M-K/BR;R$ ---
510;Placa Mãe Gigabyte, Amd Am4, Atx, Ddr4 - A520M DS3H;R$ ---
511;Placa Mãe Para Processador AMD, DDR4, Socket AM4, Chipset AMD B550, ASRock - B550M-ITX/AC;R$ ---
512;Placa Mãe Biostar AM3, 6+A960D+V3;R$ ---
513;Placa Mãe Asus Prime B450m Gaming/br 3412;R$ ---
514;Placa Mãe Asus 1200 H510m-k Prime Ddr4 Hdmi 3430;R$ ---
515;Placa Mãe Z490m, Gigabyte, Intel, Lga 1200, Matx, Ddr4;R$ ---
516;Placa Mãe Asus Para Intel 1200 Z590-e Rog Strix Gaming Wifi 4xddr4 Atx;R$ ---
517;Placa Mãe Gigabyte H310M, M.2 2.0, DDR4, LGA 1151;R$ ---
518;Placa Mae, Bluecase, Bmbh61-d, Ddr3 1155, Vga Hdmi;R$ ---
519;Placa Mãe I3/i5/i7 Gigabyte Z490 Aorus Master 10 Geração;R$ ---
520;Placa Mae Asus Tuf Intel Lga 1200 ATX DDR4 - Gaming Z590-plus;R$ ---
521;Placa Mãe H61 Brazilpc - Bpc-h61c-v2.3;R$ ---
522;Placa Mae Intel 1150 Ddr3 Vga/hdmi Gl-h81-ma Goline;R$ ---
523;Placa Mae Intel 1155 DDR3, HDMI VGA - Gl-h61-ma Goline;R$ ---
524;Placa Mãe H310-cnbls Brazilpc 1151;R$ ---
525;Placa Mãe Goline, Chipset Intel LGA775, DDR3 -  GL-41-MA G41;R$ ---
526;Placa Mãe Login Log-bsw1-d2, Com Processador Intel Pentium J3;R$ ---
527;Placa Mãe Asus Prime B550M-k, AM4, DDR4, VGA, DVI, HDMI, M2, MATX;R$ ---
528;Placa Mae Gigabyte B365m Ds3h;R$ ---
529;Placa Mãe Asus Rog Strix Gaming 1200, ddr4, hdmi, m2, miniit - Pn Rog Strix Z490-i;R$ ---
530;Placa Mãe S1151 H110 Ddr4 Goldentec;R$ ---
531;Placa Mãe Gigabyte Z490, Aorus Elite, Socket Lga, 1200 ATX - Z490-aoruselite;R$ ---
532;Placa Mãe Gigabyte B450 Aorus M, AM4, DDR4, HDMI, Micro ATX;R$ ---
533;Placa Mãe Gigabyte B450M H, AM4, DDR4, HDMI, Micro ATX;R$ ---
534;Placa Mãe 1155 Micro ATX TG-H61-S, DDR3, VGA / HDMI, Foxconn Box;R$ ---
535;Placa Mãe Asus, Tuf Gaming B550-plus;R$ ---
536;Placa Mãe Asus Rog Strix Z490-i Gaming Lga1200 Ddr4 Miniit;R$ ---
537;Placa Mãe Gigabyte H310m, S2p 2.0, Lga1151, Ddr4, M-atx;R$ ---
538;Placa Mãe 1150 Micro ATX, DDR3, VGA / HDMI, Afox, Box - Ih81-ma5;R$ ---
539;Placa Mãe Asus Prime B550m-k Am4 Ddr4 M2 Matx;R$ ---
540;Placa Mae 1151 Pinos Asrock H310cm-hg4,  HDMI/VGA/DDR4;R$ ---
541;Placa Mãe Gigabyte H310m M.2 2.0 Intel Lga 1151 Matx Ddr4;R$ ---
542;Placa Mae Lga 1200 Micro Atx H410m-d Prime Ddr4 Vga/hdmi Usb 3.2 Asus Box;R$ ---
543;Placa Mãe Gigabyte H510m rev.1.0 , Intel Lga1200, Atx, Ddr4 - H510m H;R$ ---
544;Placa Mae Xeon Supermicro X8sil-v;R$ ---
545;Placa Mãe Asus Prime Z590-p Wifi, Intel Lga1200, Atx, Ddr4 - 90mb1810-m0eay0;R$ ---
546;Placa Mãe Asrock X570 Phantom Gaming - Soquete Amd Am4;R$ ---
547;Placa Mãe Asus Ex-b460m-v5 Lga1200 - Chipset Intel B460 - Usb 3.2 - Slot M.2 - Micro Atx;R$ ---
548;Placa Mãe Msi Z390-a Pro Lga 1151 - Chipset Intel Z390 - 8ª E 9ª Geração  Slot M.2;R$ ---
549;Placa Mãe Asus H110m-d Lga 1151 Ddr4 - Asus;R$ ---
550;Placa Mãe Gigabyte Z390 D Lga 1151 - Chipset Intel Z390 - 8a E 9a Geração - Slot M.2 - Atx;R$ ---
551;Placa Mae Intel Gigabyte Z490m Gaming X Ddr4 Lga 1200 10a Geração;R$ ---
552;Placa Mae P/ Processador AMD, Gigabyte B450 Gaming X Ddr4 - Am4;R$ ---
553;Placa Mae 1151 H310m 2xddr4 32gb Hdmi/vga 8º Geração H310m-m.2 Plus V20 Colorful;R$ ---
554;Placa Mãe Bluecase Bmbh81-t lga 1150 Ddr3 Chipset Intel H81;R$ ---
555;Placa Mae Pcware Ipx1800e2 Com Celeron Dual-core 2.41ghz, Hdmi, E M-sata;R$ ---
556;Placa Mae Gigabyte B365m Ds3h Wifi, Intel Lga 1151, Micro Atx, Ddr4;R$ ---
557;Placa Mãe Asrock A520m-hvs Amd Am4 Matx Ddr4 - 90-mxbe60-a0uayz;R$ ---
558;Placa Mae H61, Ddr3, Usb 2.0, Vga E Hdmi, Lga 1155 - Tg-h61-303-u/p;R$ ---
559;Placa Mae B450m Gaming V14 Cvn Amd Colorful;R$ ---
560;Placa Mae Asus Intel Lga (1200) Atx Ddr4 - Rog Strix Z590-e Gaming Wifi;R$ ---
561;Placa Mãe Asus Tuf Gaming B450mpro Gaming Amd B450 Matx Ddr4;R$ ---
562;Placa Mae Amd Am4 A520 2xddr4 Hdmi/vga A520m-hvs Asrock;R$ ---
563;Placa Mae Intel 1151 B360m 4xddr4 64gb Dvi/hdmi 8ª Geração Mortar Msi;R$ ---
564;Placa Mae Amd Am4 A320m-k Prime 2xddr4 M.2 Hdmi/vga A320m-k Asus;R$ ---
565;Placa Mãe Lga 1156 H55 Kazuk - Ddr3 8gb Hdmi - Kzkh55-b;R$ ---
566;Placa Mae Gigabyte B550i Aorus Pro Ax 1.0;R$ ---
567;Placa Mãe, Daixu B75m, Socket Lga 1155 Para I3 I5 I7 Cpu, Suporte Para Ddr3, Memória De Até 16 Gb;R$ ---
568;Placa Mae Asus Rog Strix Z590-a Gaming Wi-fi Ddr4 Lga1200;R$ ---
569;Placa Mãe Msi B365m Pro-vh Lga 1151 - Chipset Intel B365 - Usb 3.1 - Slot M.2 - Micro Atx;R$ ---
570;Placa Mãe Gigabyte X570 Aorus Elite Wi-fi - Wi-fi - Led Rgb - Slot M.2 Usb 3.2 Atx Soquete Amd Am4;R$ ---
571;Placa Mae (intel) Gigabyte C621 Aorus Xtreme Ddr4 Lga 3647;R$ ---
572;Placa Mae Nzxt N7 Z590 Atx / Ddr4  White Nzxt;R$ ---
573;Placa Mae Tuf Gaming X570-pro Wi-fi 90mb15h0-meay0 Asus;R$ ---
574;Placa Mãe Supermicro X11dpi-n  Lga3647 E-atx;R$ ---
575;Placa Mãe Kazuk Lga 1156 H55 Ddr3 8gb Hdmi - Kzkh55-b;R$ ---
576;Placa Mãe Kazuk Lga 1156 H55 Ddr3 8gb Hdmi Kzkh55-b;R$ ---
577;Placa Mãe Kazuk Lga 1156 H55 Ddr3 8gb Hdmi - 1600mhz;R$ ---
578;Placa Mae Gigabyte A520i Ac 1.1;R$ ---
579;Placa Mãe LGA 1155 H61 Knup;R$ ---
580;Placa Mãe Asus Tuf Gaming B560m-plus Intel Lga1200 Micro Atx DDR4;R$ ---
581;Placa Mãe Asus Rog Maximus Xiii Hero, Intel Lga1200, Ddr4, Atx, Aura Sync Rgb - 90mb15x0-m0eay0;R$ ---
582;Placa Mãe Kazuk Lga 1151 H110 Ddr3 16gb Hdmi Kzkh110-b;R$ ---
583;Placa Mãe Kazuk Chipset Intel H110 Ddr3 Lga1151 - 16gb;R$ ---
584;Placa Mãe Kazuk Lga 1151 H110 Ddr3 16gb Hdmi Kzkh110-b;R$ ---
585;Placa Mae AMD Asus X570 Plus Gaming Tuf Ddr4 Am4;R$ ---
586;Placa Mãe Gigabyte B560m Ds3h Ac Intel B560 Lga 1200 Micro Atx;R$ ---
587;Placa Mae Asus B550m-plus Tuf Gaming, Amd Am4, Ddr4;R$ ---
588;Placa Mae Asus Prime A320m-c R2.0 Am4/ddr4/hdmi/dvi/m2/matx;R$ ---
589;Placa Mae Gigabyte Z490 Gaming X lga1200/ddr4/hdmi;R$ ---
590;Placa Mae Brazilpc 1151 Bpc-h110m-d4 Vga Hdmi Ddr4 V1.31;R$ ---
591;Placa Mae Asus Prime Z690-p D4;R$ ---
592;Placa Mãe 1200 Biostar Z490t-silver Itx Hdmi/vga/m.2;R$ ---
593;Placa Mae Lga 1155 Bmb75-d Gigabit Box Bluecase;R$ ---
594;Placa Mãe Lga 1155 H61 / B75 Ddr3 I3, I5 E I7 - Até 16gb De Memória Ram - Hdmi E Vga;R$ ---
595;Placa Mae Intel 1150 Ih81-ma 2xddr3 Hdmi/vga 4  G Ih81-ma Afox;R$ ---
596;Placa Mãe Gigabyte Aorus Ultra 1.0 - Z590i;R$ ---
597;Placa Mae Lga 1155 Bmbh61-d Ddr3 / Vga / Hdmi Box Bluecase;R$ ---
598;Placa Mãe Asrock Z690 Phantom Gaming 4, Chipset Z690, Intel Lga 1700, Atx, Ddr4, 90-mxbh70-a0uayz;R$ ---
599;Placa Mae Prime X570-pro ASUS AMD 90mb11b0-m0eay0;R$ ---
600;Placa Mãe Bpc-b75ffk-g - lga 1155 Ddr3 - Chipset Intel B75;R$ ---
601;Placa Mãe Asrock B560 Steel Legend, Chipset B560, Intel LGA 1200 ATX, DDR4 - 90-mxbfd0-a0uayz;R$ ---
602;Placa Mãe Asus Rog Strix B660-g Gaming Wi-fi Socket Lga 1700 / Ddr5;R$ ---
603;Placa Mae Gigabyte B550 Aorus Pro Ax 1.0;R$ ---
604;Placa Mãe Gigabyte B560m Gaming HD, Led RGB, DDR4, Matx, LGA 1200, 10ª e 11ª Geração;R$ ---
605;Placa Mae Rog Strix Z690-f Gaming Wifi 90mb18m0-m0eay0;R$ ---
606;Placa Mae Asus Prime H310m-e/br Lga 1151 Ddr 4 Matx 8 Geração;R$ ---
607;Placa Mãe Msi H510m Pro Series Intel H510 Lga 1200 Atx DDR4;R$ ---
608;Placa Mãe Asus Tuf Gaming X570 Plus Amd Am4 Atx Ddr4;R$ ---
609;Placa Mãe Amd Am4 A320m-k Prime 2xddr4 M.2 HDMI/VGA - A320m-k Asus;R$ ---
610;Placa Mãe Asus Tuf Z590 Plus Wifi  Motherboard;R$ ---
611;Placa Mãe Asus Prime B660m-a D4 Lga 1700  Matx Ddr4;R$ ---
612;Placa Mãe H310, DDR4 Itzr - Belmicro;R$ ---
613;Placa Mãe Gigabyte X570 Aorus Elite Amd Am4 Atx Ddr4;R$ ---
614;Placa Mae Intel 1200 Z590 Rgb M.2 Pcie 4xddr4 11º Ger Z590 Extreme Wifi 6 Asrock;R$ ---
615;Placa Mãe Prime H310m R2.0 Serie S Azus M6334;R$ ---
616;Placa Mãe Valianty Intel Lga1155 Ddr3 1600mhz H61-ma2;R$ ---
617;Placa Mãe, Esonic, 1151 H310CNB, Oem;R$ ---
618;Placa Mãe Pcware 1200 Ipmh510g Lga1200 Oem;R$ ---
619;Placa Mae Asus Prime H510m-k M.2;R$ ---
620;Placa Mãe Desktop 1151 H110 DDR3 32Gb - Isync;R$ ---
621;Placa Mãe Desktop 1151 Ddr3 Isync;R$ ---
622;Placa Mae, Desk Asus 1155 H61m-e, Oem;R$ ---
623;Placa Mãe, Asus 1150 B85M-K, Oem;R$ ---
624;Placa Mãe, Asus 1150 Q87M-E, Oem;R$ ---
625;Placa Mãe, Brazilpc, 1150 BPC-B85JEK-G, Oem;R$ ---
626;Placa Mae Desk Brazilpc Fm2 Bpc-a88m(2xddr3/1xvga/1xhdmi/2 Xusb3.0/1xrede/1xaudio);R$ ---
627;Placa Mãe H61 Brazilpc Bpc-b75m-tg 10/100.;R$ ---
628;Placa Mãe Notebook Positivo Q432a Atom Z8250 2gb Ssd 32gb;R$ ---
629;Placa Mãe Asrock A320M-HD, R4 DDR4, Socket AM4;R$ ---
630;Kit Placa Mãe H81, Proc I3 4130, Memoria 8Gb DDR3, Cooler, SSD 240;R$ ---
631;Kit Placa Mãe H110, Processador I3 6100, Memoria 4 Gb DDR3, Cooler;R$ ---
632;Kit Placa Mãe H81, Processador I5 4570, Memoria 8 Gb DDR3, Cooler;R$ ---
633;Kit Upgrade - Placa Mãe H61 + Processador I5 3470 + Cooler;R$ ---
634;Kit 1155 Placa Mae 1155, Processador I3 2100, DDR3 8Gb;R$ ---
635;Kit 1151 Placa Mãe H110, Processador I3 7100, DDR3 4GB;R$ ---
636;Kit Upgrade - Placa Mae H110 + Processador I5 7500 + DDR3 4GB;R$ ---
637;Kit Upgrade, Intel I3 10100f + Placa Mãe H510m H + Memória Ddr4 16gb (2x8gb);R$ ---
638;Bateria De Lítio Cr2032 Elgin 82193 - Unidade - Para Placa Mãe, Alarmes E Relógios;R$ ---
639;Kit Upgrade, Intel I5, 4570 + Placa Mãe Asrock H81m Lga 1150.;R$ ---
640;Kit Upgrade AMD Ryzen 5 5600, Placa Mãe Asus Prime A520M-E DDR4, Memória 16GB 2x8, DDR4 3000mhz;R$ ---
641;Kit Upgrade Amd Ryzen 5 5600g + Placa Mãe Asus B450 Gaming Ii Matx;R$ ---
642;Kit Upgrade Pc Amd Ryzen 5 4500 + Placa Mãe Am4 A320m Ddr4;R$ ---
643;Kit Upgrade Amd, Ryzen 5 5600G, Placa Mãe Asus, Prime A520M-E DDR4;R$ ---
644;Kit Upgrate, Amd Ryzen 5 5600G, Placa Mãe A320m, Mem DDR4 16GB;R$ ---
645;Kit Upgrade AMD Ryzen 5 5600, Placa Mãe Asus Prime A520M-E DDR4, Memória 8GB DDR4 3000mhz;R$ ---
646;Kit Upgrade, AMD Ryzen 5 5600, Placa Mãe Asus Prime - A520M-E;R$ ---
647;Kit Upgrade Intel Core I5 10400 / Placa Mãe Gigabyte B560m Aorus Elite;R$ ---
648;Kit Placa Mãe H61 1155, I3 2100, Cooler, Ssd 256Gb;R$ ---
649;Kit Upgrade, Processador Ryzen 5 4600g, Placa Mãe Msi A320m-a Pro Max, Memória 8GB DDR4, SSD 256GB;R$ ---
650;Kit Upgrade: AMD Ryzen 5 5600g + Placa Mãe Gigabyte B550m Aorus Elite;R$ ---
651;Kit Upgrade, Processador AMD Ryzen 5 4600g, Placa Mãe Msi A320m-a Pro Max, Memória 16GB DDR4;R$ ---
652;Kit Upgrade Processador Amd Ryzen™ 5 4600g + Placa Mãe Gigabyte  A520m S2h + Memória 8gb Ddr4;R$ ---
653;Kit Upgrade - Neologic NLI83089 AMD 3000G + Placa Mãe Asus Prime A320M-K + Memória Neologic 16GB, 2x 8GB, 3200MHz - NL8GB;R$ ---
654;Kit Upgrade, Processador Amd Ryzen 5 4600g, Placa Mãe Msi A320m-a Pro Max,  Memória 8GB DDR4;R$ ---
655;Kit Upgrade Processador Amd Ryzen™ 7 5700g + Placa Mãe Gigabyte  A520m S2h + Memória 8gb Ddr4;R$ ---
656;Kit Upgrade - Neologic NLI83088, AMD 3000G + Placa Mãe Asus Prime A320M-K + Memoria Neologic 8GB, 3200MHz - NL8GB;R$ ---
657;Computador Skill Intel Core I5, 16GB DDR4, SSD 120GB + HD 3TB, Geforce GT, Placa Mãe ASUS - 38128;R$ ---
658;Kit 1155, Placa Mae 1155, Processador I5 2500s,  DDR3 4GB;R$ ---
659;Kit Placa Mãe H310 Asus Prime + SSD Kingston 240gb;R$ ---
660;Kit Placa Mãe Gigabyte, B550 Aorus + Fonte Thermaltake, 600W, 80 Plus;R$ ---
661;Kit Placa Mãe Gigabyte H410, Proc I3-10105, 16Gb  DDR 4, Cooler;R$ ---
662;Kit Placa Mãe H81, Proc I7 4770, Memoria 16Gb Ddr3, Cooler, Ssd 480;R$ ---
663;Kit Placa Mãe, Gigabyte H410, Proc I5-10400, 8Gb DDR 4, Cooler;R$ ---
664;Kit Placa Mãe Gigabyte H410, Proc I5-10400, 16Gb DDR 4, Cooler;R$ ---
665;Kit Placa Mãe H110 + Processador I3 7300 + Memoria 8GB Ddr3 + Cooler;R$ ---
666;Kit Placa Mãe H110 + Processador I5 6500 + Memoria 4 Gb Ddr3 + Cooler;R$ ---
667;Combo Placa Mae Hm55/corei5/4gb;R$ ---
668;Combo Placa Mae Hm55/corei3/4gb;R$ ---
669;Kit, Placa Mãe  + Cpu Sempron 3850 Quad Core + Cooler Fan  Mitsushiba;R$ ---
670;Kit - Placa Mãe AMD KAM1-I, Com Cooler Fan;R$ ---
671;Kit 1155 Placa Mae 1155 + Processador I5 2310 + Ddr3 8gb;R$ ---
672;Kit 1150 Placa Mae + Processador I3 4130 + Ddr3 4gb;R$ ---
673;Kit 1155 Placa Mae 1155 + Processador I5 2310 + Ddr3 4gb;R$ ---
674;Kit 1155 Placa Mãe 1155 + Processador I3 3220 + DDR3 4Gb;R$ ---
675;Kit 1200 Placa Mae 1200 + Processador I5 10400+ Ddr4 8gb H510giga;R$ ---
676;Kit 1155 Placa Mae 1155 + Processador I5 3340 + Ddr3 4gb;R$ ---
677;Kit Upgrade - Placa Mãe Asrock H410M-HVS, LGA 1200 + Intel Core I3 10100, 4.30GHz 10a Geração + Memória 8GB DDR4 + SSD 480GB;R$ ---
678;Kit Upgrade, Processador AMD Ryzen 5 5600g, Placa Mãe Gigabyte  A520m S2h, Memória 8GB DDR4;R$ ---
679;Kit 3 em 1, Placa Mãe 1155, Processador I5 2400, DDR3 4GB;R$ ---
680;Kit Processador Intel Core i7-11700K 11ª Geração + Placa Mãe Asus TUF GAMING Z590-PLUS WIFI Intel Z590 LGA1200, DDR4, ATX - 90MB16C0-M0EAY0;R$ ---
681;Kit Upgrade Skill Placa mãe Asrock B450M Steel Legend AMD AM4, AMD Ryzen 5 3400G 4.2Ghz, 8GB DDR4, SSD 120GB;R$ ---
682;Kit Upgrade Skill Placa Mãe Asus B450m-gaming/br Amd Am4, Amd Ryzen 5 3600 4.2ghz, Ssd 120gb;R$ ---
683;Kit Upgrade Skill Placa mãe Asrock B450M Steel Legend AMD AM4, AMD Ryzen 5 3600 4.2Ghz, SSD M2 120GB;R$ ---
684;Kit Upgrade Skill Placa mãe Asrock A320M-HDV AMD AM4, AMD Ryzen 5 3400G 4.2Ghz, 8GB DDR4, SSD 240GB;R$ ---
685;Kit Upgrade Skill Placa mãe ASUS B450M-Gaming/BR, AMD Ryzen 3 3200G 4.0Ghz, 8GB DDR4, SSD 120GB;R$ ---
686;Kit Upgrade Skill Placa mãe Asrock B450M Steel Legend AMD AM4, AMD Ryzen 3 3200G 4.0Ghz, SSD 480GB;R$ ---
687;Kit Upgrade Skill Placa mãe Asrock B450M Steel Legend AMD AM4, AMD Ryzen 5 3400G 4.2Ghz, 8GB DDR4;R$ ---
688;Kit Upgrade Skill Placa mãe Asrock B450M Steel Legend AMD AM4, AMD Ryzen 3 3200G 4.0Ghz, 8GB DDR4, SSD 120GB;R$ ---
689;Kit Upgrade Skill Placa mãe Prime ASUS A320M-K/BR, AMD Ryzen 5 3600 4.2Ghz, SSD 240GB;R$ ---
690;Kit Upgrade Skill Placa Mãe ASUS A320M-K/BR + Processador AMD Ryzen 3 3200G + Memória 8GB DDR4 + SSD 240GB;R$ ---
691;Kit Upgrade Skill Placa mãe Asrock A320M-HDV AMD AM4, Processador AMD Ryzen 5 3600 4.2Ghz;R$ ---
692;Kit Upgrade Skill Placa mãe Asrock A320M-HDV AMD AM4, Processador AMD Ryzen 5 3400G 4.2Ghz,  8GB DDR4;R$ ---
693;Kit Upgrade Skill Placa mãe Prime ASUS A320M-K/BR AMD AM4, Processador AMD Ryzen 3 3200G 4.0Ghz, SSD Kingston 240GB;R$ ---
694;Kit Upgrade Skill Placa mãe Asrock A320M-HDV AMD AM4 + Processador AMD Ryzen 3 3200G + SSD Kingston 480GB;R$ ---
695;Kit Upgrade Skill Placa mãe Asrock A320M-HDV AMD AM4, Processador AMD Ryzen 5 3400G 4.2Ghz, SSD Kingston 480GB;R$ ---
696;Kit Upgrade Skill Placa mãe ASUS B450M-Gaming/BR, AMD Ryzen 3 3200G, SSD 480GB;R$ ---
697;Kit Upgrade Skill Placa mãe ASUS B450M-Gaming/BR, AMD Ryzen 3 3200G 4.0Ghz, SSD 120GB;R$ ---
698;Kit Upgrade Skill Placa mãe Asrock A320M-HDV AMD AM4, Processador AMD Ryzen 5 3400G 4.2Ghz, SSD Kingston 240GB;R$ ---
699;Kit Upgrade Skill Placa mãe ASUS B450M-Gaming/BR, AMD Ryzen 5 3400G 4.2Ghz, 8GB DDR4 3000Mhz, SSD 240GB;R$ ---
700;Kit Upgrade Skill Placa mãe Asrock A320M-HDV AMD AM4, Processador AMD Ryzen 3 3200G 4.0Ghz, SSD 240GB;R$ ---
701;Kit Upgrade Skill Placa mãe ASUS B450M-Gaming/BR, AMD Ryzen 5 3400G 4.2Ghz, 8GB DDR4, SSD 120GB;R$ ---
702;Kit Upgrade Skill Placa mãe ASUS B450M-Gaming/BR, AMD Ryzen 5 3400G 4.2Ghz, 8GB DDR4, SSD 480GB;R$ ---
703;Kit Upgrade Skill Placa mãe Asrock A320M-HDV AMD AM4, Processador AMD Ryzen 5 3600 4.2Ghz, SSD M2 Kingston 120GB;R$ ---
704;Kit Upgrade Skill Placa mãe ASUS A320M-K/BR, AMD Ryzen 5 3400G 4.2Ghz, SSD 120G;R$ ---
705;Kit Upgrade Skill Placa mãe Asrock A320M-HDV AMD AM4,  AMD Ryzen 3 3200G 4.0Ghz, 8GB DDR4;R$ ---
706;Kit Upgrade Skill Placa mãe Prime ASUS A320M-K/BR AMD AM4, Processador AMD Ryzen 3 3200G 4.0Ghz;R$ ---
707;Kit Upgrade Skill Placa mãe Asrock A320M-HDV AMD AM4, Processador AMD Ryzen 3 3200G 4.0Ghz;R$ ---
708;Kit Upgrade Skill Placa mãe Prime ASUS A320M-K/BR, AMD Ryzen 5 3400G 4.2Ghz, SSD 240GB;R$ ---
709;Kit Upgrade Skill Placa mãe Prime ASUS A320M-K/BR, AMD Ryzen 5 3400G 4.2Ghz, SSD 480GB;R$ ---
710;Kit Upgrade Skill Placa mãe Prime ASUS A320M-K/BR AMD AM4, Processador AMD Ryzen 5 3400G 4.2Ghz;R$ ---
711;Kit Upgrade Skill Placa mãe ASUS A320M-K/BR, AMD Ryzen 5 3600 4.2Ghz, 8GB DDR4;R$ ---
712;Kit Upgrade Skill Placa mãe Asrock H410M-HVS LGA 1200, Processador Intel Core i3 10100 4.30Ghz Décima Geração, Memória 8GB DDR4;R$ ---
713;Kit Upgrade Skill Placa Mãe Asus H410M-E, Processador Intel Core i5 10400F 4.30Ghz Décima Geração, SSD 240GB;R$ ---
714;Kit Upgrade Skill Placa Mãe Asus H410M-E, Intel Core i5 10400F 4.30Ghz Décima Geração,8GB DDR4, SSD 480GB;R$ ---
715;Kit Upgrade Skill Placa mãe Asrock H410M-HVS LGA 1200, Processador Intel Core i5 10400 4.30Ghz Décima Geração;R$ ---
716;Kit Upgrade Skill Placa Mãe Asus H410M-E, Processador Intel Core i5 10400 4.30Ghz Décima Geração, SSD 240GB;R$ ---
717;Kit Upgrade Skill Placa Mãe Asus H410M-E, Processador Intel Core i3 10100F 4.30Ghz Décima Geração, SSD Kingston 480GB;R$ ---
718;Kit Upgrade Skill Placa mãe Asrock H410M-HVS LGA 1200, Processador Intel Core i5 10400 4.30Ghz Décima Geração, SSD 480GB;R$ ---
719;Kit Upgrade Skill Placa Mãe Asus H410M-E, Intel Core i5 10400F 4.30Ghz Décima Geração, 8GB DDR4, SSD 240GB;R$ ---
720;Kit Upgrade Skill Placa mãe Asrock H410M-HVS LGA 1200 , Intel Core i5 10400 4.30Ghz Décima Geração, 8GB DDR4 , SSD 240GB;R$ ---
721;Kit Upgrade Skill Placa Mãe Asus H410M-E, Processador Intel Core i3 10100 4.30Ghz Décima Geração, SSD 480GB;R$ ---
722;Kit Upgrade Skill Placa mãe Asrock H410M-HVS LGA 1200, Processador Intel Core i3 10100 4.30Ghz Décima Geração, SSD Kingston 240GB;R$ ---
723;Kit Upgrade Skill Placa Mãe Asus H410M-E, Processador Intel Core i3 10100F 4.30Ghz Décima Geração;R$ ---
724;Kit Upgrade Skill Placa Mãe Asus H410M-E, Processador Intel Core i3 10100F 4.30Ghz Décima Geração, SSD Kingston 240GB;R$ ---
725;Kit Upgrade Skill Placa mãe Asrock H410M-HVS LGA 1200, Intel Core i5 10400 4.30Ghz Décima Geração, 8GB DDR4;R$ ---
726;Kit Upgrade Skill Placa Mãe Asus H410M-E, Processador Intel Core i3 10100 4.30Ghz Décima Geração;R$ ---
727;Kit Upgrade Skill Placa Mãe Asus H410M-E, Intel Core i3 10100 4.30Ghz Décima Geração, 8GB DDR4, SSD 480GB;R$ ---
728;Kit Upgrade Skill Placa mãe Asrock H410M-HVS LGA 1200, Processador Intel Core i3 10100 4.30Ghz Décima Geração;R$ ---
729;Kit Upgrade Skill Placa Mãe Asus H410M-E, Processador Intel Core i3 10100F 4.30Ghz Décima Geração, SSD 120GB;R$ ---
730;Kit Upgrade Skill Placa mãe Asrock H410M-HVS LGA 1200, Processador Intel Core i3 10100F 4.30Ghz Décima Geração, SSD Kingston 240GB;R$ ---
731;Kit Upgrade Skill Placa mãe ASROCK Fatal1ty B360M, Processador Intel Core i5 9400F 4.10Ghz Nona Geração, 8GB DDR4, SSD 240GB;R$ ---
732;Kit Upgrade Skill Placa Mãe Asus H410M-E, Intel Core i5 10400 4.30Ghz Décima Geração, 8GB DDR4, SSD 240GB;R$ ---
733;Kit Upgrade Skill Placa Mãe Asus H410M-E, Processador Intel Core i5 10400 4.30Ghz Décima Geração, SSD 120GB;R$ ---
734;Kit Upgrade Skill Placa mãe Asrock H410M-HVS LGA 1200, Intel Core i3 10100F 4.30Ghz Décima Geração, SSD 120GB;R$ ---
735;Kit Upgrade Skill Placa mãe Asrock H410M-HVS LGA 1200, Intel Core i5 10400F 4.30Ghz Décima Geração, 8GB DDR4, SSD 240GB;R$ ---
736;Kit Upgrade Skill Placa mãe Asrock H410M-HVS LGA 1200, Intel Core i3 10100F 4.30Ghz Décima Geração, 8GB DDR4;R$ ---
737;Kit Upgrade Skill Placa Mãe Asus H410M-E, Processador Intel Core i3 10100 4.30Ghz Décima Geração, 8GB DDR4;R$ ---
738;Kit Upgrade Skill Placa mãe Asrock H410M-HVS LGA 1200, Intel Core i3 10100F 4.30Ghz Décima Geração, 8GB DDR4, SSD 240GB;R$ ---
739;Kit Upgrade Skill Placa Mãe Asus H410M-E, Intel Core i3 10100F 4.30Ghz Décima Geração, 8GB DDR4, SSD 240GB;R$ ---
740;Kit Upgrade Skill Placa Mãe Asus H410M-E, Processador Intel Core i3 10100 4.30Ghz Décima Geração, SSD 240GB;R$ ---
741;Kit Upgrade Skill Placa Mãe Asus H410M-E, Intel Core i3 10100F 4.30Ghz Décima Geração, 8GB DDR4, SSD 480GB;R$ ---
742;Kit Upgrade Skill Placa mãe ASROCK Fatal1ty B360M Performance LGA 1151, Processador Intel Core i5 9400F 4.10Ghz Nona Geração, SSD M2 Kingston 120GB;R$ ---
743;Kit Upgrade Skill Placa Mãe Asus H410M-E, Processador Intel Core i3 10100 4.30Ghz Décima Geração, SSD 120GB;R$ ---
744;Kit Upgrade Skill Placa mãe Asrock H410M-HVS LGA 1200, Intel Core i5 10400F 4.30Ghz Décima Geração, 8GB DDR4, SSD 480GB;R$ ---
745;Kit Upgrade Skill, Placa mãe Asrock B450M Steel Legend AMD AM4, Processador AMD Ryzen 5 3400G 4.2Ghz;R$ ---
746;Kit Upgrade Skill, Placa mãe Asrock B450M Steel Legend AMD AM4, Processador AMD Ryzen 5 3600 4.2Ghz, 8GB DDR4 , SSD 240GB;R$ ---
747;Kit Upgrade Skill, Placa mãe Asrock A320M-HDV AMD AM4, AMD Ryzen 5 3600 4.2Ghz, 8GB DDR4, SSD 480GB;R$ ---
748;Kit Upgrade Skill, Placa mãe Asrock B450M Steel Legend AMD AM4, AMD Ryzen 3 3200G 4.0Ghz, 8GB DDR4 , SSD 240GB;R$ ---
749;Kit Upgrade Skill, Placa mãe Asrock B450M Steel Legend AMD AM4, AMD Ryzen 5 3600 4.2Ghz, 8GB DDR4;R$ ---
750;Kit Upgrade Skill, Placa mãe Asrock B450M Steel Legend AMD AM4, AMD Ryzen 3 3200G 4.0Ghz,8GB DDR4 , SSD 480GB;R$ ---
751;Kit Upgrade Skill, Placa mãe ASUS A320M-K/BR AMD AM4, AMD Ryzen 3 3200G 4.0Ghz ,8GB DDR4, SSD 120GB;R$ ---
752;Kit Upgrade Skill, Placa mãe Prime ASUS B450M-Gaming/BR AMD AM4, Processador AMD Ryzen 3 3200G 4.0Ghz;R$ ---
753;Kit Upgrade Skill, Placa mãe ASUS B450M-Gaming/BR AMD AM4, Processador AMD Ryzen 5 3400G 4.2Ghz, SSD 480GB;R$ ---
754;Kit Upgrade Skill, Placa mãe ASUS B450M-Gaming/BR, AMD Ryzen 3 3200GB, SSD 240GB;R$ ---
755;Kit Upgrade Skill, Placa mãe Asrock A320M-HDV AMD AM4, Processador AMD Ryzen 5 3600 4.2Ghz, Memória 8GB Gamer Crucial Ballistix Sport DDR4 3000Mhz;R$ ---
756;Kit Upgrade Skill, Placa mãe Asrock A320M-HDV AMD AM4, AMD Ryzen 3 3200G 4.0Ghz, 8GB DDR4, SSD 240GB;R$ ---
757;Kit Upgrade Skill, Placa mãe ASUS B450M-Gaming/BR AMD AM4, AMD Ryzen 5 3400G 4.2Ghz, SSD 120GB;R$ ---
758;Kit Upgrade Skill, Placa mãe Asrock A320M-HDV AMD AM4, AMD Ryzen 3 3200G 4.0Ghz, 8GB DDR4 , SSD 120GB;R$ ---
759;Kit Upgrade Skill, Placa Mãe Asus H410M-E, Processador Intel Core i5 10400F 4.30Ghz Décima Geração, SSD 480GB;R$ ---
760;Kit Upgrade Skill, Placa mãe Asrock H410M-HVS LGA 1200, Intel Core i3 10100F 4.30Ghz Décima Geração, SSD 480GB;R$ ---
761;Kit Upgrade Skill, Placa mãe Asrock Fatal1ty B360M Performance LGA 1151, Intel Core i5 9400F 4.10Ghz Nona Geração, 8GB DDR4;R$ ---
762;Kit Upgrade Skill, Placa mãe ASROCK Fatal1ty B360M , Processador Intel Core i5 9400F 4.10Ghz Nona Geração, 8GB DDR4, SSD 120GB;R$ ---
763;Kit Upgrade Skill, Placa mãe Asrock H410M-HVS LGA 1200, Intel Core i3 10100F 4.30Ghz Décima Geração, 8GB DDR4, SSD 120GB;R$ ---
764;Kit Upgrade Skill, Placa mãe Asrock H410M-HVS LGA 1200, Processador Intel Core i5 10400F 4.30Ghz Décima Geração, 8GB DDR4;R$ ---
765;Kit Upgrade Skill, Placa mãe Asrock H410M-HVS LGA 1200, Intel Core i5 10400 4.30Ghz Décima Geração, 8GB DDR4, SSD 120GB;R$ ---
766;Kit Upgrade Skill, Placa mãe Asrock H410M-HVS LGA 1200, Processador Intel Core i5 10400 4.30Ghz Décima Geração, SSD 240GB;R$ ---
767;Kit Upgrade Skill, Placa mãe Asrock H410M-HVS LGA 1200, Processador Intel Core i3 10100 4.30Ghz Décima Geração, SSD Kingston 480GB;R$ ---
768;Kit Upgrade Skill, Placa Mãe Asus H410M-E, Processador Intel Core i5 10400F 4.30Ghz Décima Geração;R$ ---
769;Kit Upgrade Skill, Placa Mãe Asus H410M-E, Processador Intel Core i3 10100F 4.30Ghz Décima Geração, 8GB DDR4;R$ ---
770;Kit Upgrade Skill - Placa Mãe Asrock A320M-HDV, AMD AM4 + Processador AMD Ryzen 5 3600 4.2GHz + Memória 8GB DDR4, 3000MHz + SSD 240GB;R$ ---
771;Kit Upgrade Skill - Placa Mãe Asrock B450M Steel Legend, AMD AM4 + Processador AMD Ryzen 5 3400G, 4.2GHz + SSD Kingston 480GB;R$ ---
772;Kit Upgrade Skill - Placa Mãe Asrock A320M-HDV, AMD AM4 + Processador AMD Ryzen 5 3400G, 4.2GHz;R$ ---
773;Kit Upgrade Skill - Placa Mãe Asrock B450M Steel Legend, AMD AM4 + Processador AMD Ryzen 5 3600 4.2GHz + Memória 8GB DDR4 + SSD 480GB;R$ ---
774;Kit Upgrade Skill - Placa Mãe Asrock B450M Steel Legend, AMD AM4 + Processador AMD Ryzen 5 3400G, 4.2GHz + SSD M2 Kingston 120GB;R$ ---
775;Kit Upgrade Skill - Placa Mãe ASUS A320M-K/BR + Processador AMD Ryzen 5 3400G 4.2GHz + Memória 8GB DDR4, 3000MHz + SSD 480GB;R$ ---
776;Kit Upgrade Skill - Placa Mãe ASUS A320M-K/BR + Processador AMD Ryzen 5 3400G 4.2Ghz + Memória 8GB DDR4, 3000MHz + SSD 240GB;R$ ---
777;Kit Upgrade Skill - Placa Mãe Asrock A320M-HDV, AMD AM4 + Processador AMD Ryzen 5 3600, 4.2GHz + SSD Kingston 240GB;R$ ---
778;Kit Upgrade Skill - Placa Mãe Prime ASUS B450M-Gaming/BR, AMD AM4 + Processador AMD Ryzen 5 3600 4.2GHz;R$ ---
779;Kit Upgrade Skill - Placa Mãe Prime B450M-Gaming/BR + Processador AMD Ryzen 5 3400G 4.2GHz + Memória 8GB DDR4;R$ ---
780;Kit Upgrade Skill - Placa Mãe Asrock B450M Steel Legend, AMD AM4 + Processador AMD Ryzen 3 3200G 4.0Ghz + Memória 8GB DDR4;R$ ---
781;Kit Upgrade Skill - Placa Mãe Asrock B450M Steel Legend, AMD AM4 + Processador AMD Ryzen 5 3400G, 4.2GHz + Memória 8GB DDR4 + SSD 480GB;R$ ---
782;Kit Upgrade Skill,  Placa mãe Prime ASUS A320M-K/BR , AMD Ryzen 5 3600 4.2Ghz, SSD 120GB;R$ ---
783;Kit Upgrade Skill - Placa Mãe Asrock B450M Steel Legend, AMD AM4 + Processador AMD Ryzen 5 3600, 4.2GHz + SSD Kingston 480GB;R$ ---
784;Kit Upgrade Skill - Placa Mãe Asrock B450M Steel Legend, AMD AM4 + Processador AMD Ryzen 5 3600, 4.2GHz + Memória 8GB DDR4 + SSD 120GB;R$ ---
785;Kit Upgrade Skill - Placa Mãe Prime ASUS A320M-K/BR + Processador AMD Ryzen 5 3600, 4.2GHz + SSD 480GB;R$ ---
786;Kit Upgrade Skill - Placa Mãe Asrock A320M-HDV, AMD AM4 + Processador AMD Ryzen 5 3400G, 4.2GHz + SSD M2 Kingston 120GB;R$ ---
787;Kit Upgrade Skill - Placa Mãe Asrock A320M-HDV, AMD AM4 + Processador AMD Ryzen 5 3600 4.2GHz + SSD Kingston 480GB;R$ ---
788;Kit Upgrade Skill - Placa Mãe Asrock A320M-HDV, AMD AM4 + Processador AMD Ryzen 3 3200G, 4.0GHz + Memória 8GB DDR4 + SSD 480GB;R$ ---
789;Kit Upgrade Skill - Placa Mãe Prime ASUS A320M-K/BR, AMD AM4 + Processador AMD Ryzen 3 3200G 4.0GHz + SSD Kingston 480GB;R$ ---
790;Kit Upgrade Skill - Placa Mãe Prime ASUS B450M-Gaming/BR + Processador AMD Ryzen 5 3600 4.2GHz + Memória 8GB DDR4 + SSD 480GB;R$ ---
791;Kit Upgrade Skill - Placa Mãe Asrock A320M-HDV, AMD AM4 + Processador AMD Ryzen 5 3400G, 4.2GHz + Memória 8GB DDR4 + SSD 120GB;R$ ---
792;Kit Upgrade Skill - Placa Mãe Asrock A320M-HDV, AMD AM4 + Processador AMD Ryzen 5 3400G, 4.2GHz + Memória 8GB DDR4 + SSD 480GB;R$ ---
793;Kit Upgrade Skill - Placa Mãe Prime ASUS B450M-Gaming/BR, AMD AM4 + Processador AMD Ryzen 5 3400G, 4.2GHz + SSD Kingston 240GB;R$ ---
794;Kit Upgrade Skill - Placa Mãe Prime ASUS A320M-K/BR AMD AM4 + Processador AMD Ryzen 3 3200G 4.0Ghz + SSD M2 Kingston 120GB;R$ ---
795;Kit Upgrade Skill - Placa Mãe ASUS B450M-Gaming/BR, AMD AM4 + Processador AMD Ryzen 5 3600, 4.2GHz + SSD 240GB;R$ ---
796;Kit Upgrade Skill - Placa Mãe ASUS TUF Gaming/BR B360M-Plus + Intel Core I5 9400F, 4.10GHz 9a Geração + Memória 8GB DDR4 + SSD 480GB;R$ ---
797;Kit Upgrade Skill - Placa Mãe ASUS TUF Gaming/BR B360M-Plus + Intel Core i5 9400F 4.10GHz, 9a Geração + Memória 8GB DDR4 + SSD 120GB;R$ ---
798;Kit Upgrade Skill - Placa Mãe ASUS TUF Gaming/BR B360M-Plus LGA 1151 + Intel Core I5 9400F, 4.10GHz 9a Geração + 8GB DDR4;R$ ---
799;Kit Upgrade Skill - Placa Mãe Asus H410M-E + Processador Intel Core I3 10100F, 4.30GHz 10a Geração + Memória 8GB DDR4 + SSD 120GB;R$ ---
800;Kit Upgrade Skill - Placa Mãe Asus H410M-E + Processador Intel Core I3 10100, 4.30GHz 10a Geração + Memória 8GB DDR4 + SSD 240GB;R$ ---
801;Kit Upgrade Skill - Placa Mãe Asrock H410M-HVS, LGA 1200 + Intel Core I5 10400, 4.30GHz, 10a Geração + Memória 8GB DDR4 + SSD 480GB;R$ ---
802;Kit Upgrade Skill - Placa Mãe ASROCK Fatal1ty B360M Performance, LGA 1151 + Processador Intel Core I5 9400F, 4.10GHz 9a Geração + SSD Kingston 240GB;R$ ---
803;Kit Upgrade Skill - Placa Mãe Asus H410M-E + Processador Intel Core I5 10400 4.30GHz 10a Geração + Memória 8GB DDR4;R$ ---
804;Kit Upgrade Skill - Placa Mãe Asus H410M-E + Intel Core I5 10400 4.30GHz, 10a Geração + Memória 8GB DDR4 + SSD 120GB;R$ ---
805;Kit Upgrade - Placa Mãe H61 + Processador I5 3470 + Memoria 4 GB DDR3 + Cooler + SSD 256GB;R$ ---
806;Kit Upgrade Com Placa Mãe B85 Processador I3 4a Geração Cooler E Memória Ram;R$ ---
807;Kit Processador Intel Core i5-11600K 11ª Geração LGA1200 + Placa Mãe Asus TUF GAMING B560M-PLUS, Intel LGA1200, microATX, DDR4;R$ ---
808;Kit Upgrade - Placa Mãe 1200 H510M + Processador I3 10100F + DDR4 4GB;R$ ---
809;Kit Upgrade Am4 Placa Mãe Am4 A520 Gigabyte + Ryzen 5 5600g + Ddr4 4gb - OEM;R$ ---
810;Kit Upgrade 1151 Placa Mae 1151 + Processador I5 7500 + DDR3 8Gb - OEM;R$ ---
811;Kit Upgrade 1200 Placa Mae Gigabyte 1200 + I5 10500 + Ddr4 8gb - OEM;R$ ---
812;Kit Upgrade 1200 Placa Mae Gigabyte 1200 + I5 10500 + Ddr4 4gb - OEM;R$ ---
813;Kit Upgrade, 1155 Placa Mae, 1155 + Processador, 1610 + Ddr3 4gb.;R$ ---
814;Kit Amd Ryzen 5 3600, Placa Mãe B450m Asus, Memória 16GB DDR4 RGB;R$ ---
815;Kit Amd Ryzen 5 3600, Placa Mãe B450m Asus, Memória 8GB, DDR4 RGB;R$ ---
816;Kit Upgrade Neologic - Placa Mãe Gigabyte H410M-H, Ultra Durable + Intel Core I3-10100F 3.6GHz - NLI83109;R$ ---
817;Kit Upgrade Neologic - Placa Mãe Gigabyte H410M-H, Ultra Durable,  Intel Core I5-10400F 2.9GHz -  NLI83110;R$ ---
818;Kit Upgrade Neologic - Placa Mãe Gigabyte H410M-H, Ultra Durable + Intel Core I7-10700F 2.9GHz  - NLI83111;R$ ---
819;Kit Upgrade Intel I5 9400f / Placa Mãe Asus Tuf B360m-plus Gaming / Memória Kingston Hyperx 2x8gb 2666mhz;R$ ---
820;Kit Intel Core I7 4790 Placa Mãe B85 Com Air Cooler E Espelho De Acrílico;R$ ---
821;Cpu Gamer I5 10ªgeração, Placa Mãe Asus B460m Plus, Memória 16gb Ddr4 Rgb, Ssd M.2 240gb, Gtx 1660 6gb;R$ ---
822;Kit Processador G6405 Placa Mãe H510m, Memória 16Gb;R$ ---
823;Kit Upgrade Amd Ryzen 5 3600 / Placa Mae Asrock B450m Steel Legend;R$ ---
824;Kit Upgrade - Intel I7 9700k + Placa Mãe Asus Tuf B360m-plus Gaming + Memória Patriot Viper 2x8gb 2666mhz;R$ ---
825;Kit Upgrade Amd Ryzen 5 3600 / Placa Mae Asus Prime A520m-e;R$ ---
826;Kit Upgrade Amd Ryzen 5 3600 / Placa Mae Asus Prime A520m-e / Memória Patriot Viper 8gb 2666mhz;R$ ---
827;Kit Upgrade - Intel I5 9400f + Placa Mãe Asus Tuf B360m-plus Gaming + Memória Kingston Hyperx 8gb 2666mhz;R$ ---
828;Kit Processador G6405 Placa Mãe H510m Memória 8gb;R$ ---
829;Kit Upgrade - AMD Ryzen 33200G + Placa Mãe Asrock A320M-HD + Memória 8GB DDR4, Crucial Ballistix, 3000MHz + SSD 240GB;R$ ---
830;Kit Upgrade Amd Ryzen 5 5600g / Placa Mãe Gigabyte A520m S2h Am4 / Memória Kingston Hyperx 2x8gb 3000mhz;R$ ---
831;Kit Upgrade Amd Ryzen 5 5600x / Placa Mae Asus Prime A520m-e / Memória Patriot Viper 8gb 2666mhz;R$ ---
832;Kit Upgrade Amd Ryzen 5 5600x / Placa Mae Asus Prime A520m-e;R$ ---
833;Kit Upgrade Amd Ryzen 5 2400g / Placa Mae Asus Prime A520m-e;R$ ---
834;Kit Upgrade Amd Ryzen 5 2400g / Placa Mae Asus Prime A520m-e / Memória Patriot Viper 2x8gb 2666mhz;R$ ---
835;Kit Upgrade Amd Ryzen 5 2400g / Placa Mae Asus Prime A520m-e / Memória Patriot Viper 8gb 2666mhz;R$ ---
836;Kit Upgrade Amd Ryzen 5 2400g / Placa Mae Asrock A320m-hdv;R$ ---
837;Kit Upgrade Intel I3 10100f / Placa Mãe Asus Tuf B460m Plus;R$ ---
838;Kit Upgrade - Athlon 3000g + Placa Mãe A320m + Memória Ddr4 8gb 2666mhz;R$ ---
839;Kit Upgrade - Amd Ryzen 5 3600 + Placa Mae Asus Prime A520m-e + Memória Patriot Viper 2x8gb 2666mhz;R$ ---
840;Kit Upgrade - Amd Ryzen 5 3600 + Placa Mae Asus Prime B450m-gaming/br + Memória Patriot Viper 2x8gb 2666mhz;R$ ---
841;Kit Upgrade, Amd Ryzen 5 3600 / Placa Mae Asus Prime A320m-k;R$ ---
842;Kit Upgrade Gamer Amd Ryzen 5 3600 Placa Mãe Asrock A320m-hd Memória 8gb Ddr4 Crucial Ballistix;R$ ---
843;Kit Upgrade Gamer Amd Ryzen 5 3600 Placa Mãe Asrock A320m-hd Skill;R$ ---
844;Kit Upgrade - Amd Ryzen 5 5600x + Placa Mae Asus Prime A520m-e + Memória Patriot Viper 2x8gb 2666mhz;R$ ---
845;Kit Upgrade - Amd Ryzen 5 3600 + Placa Mae Asus Prime A320m-k + Memória Kingston Hyperx ,8gb 2666mhz;R$ ---
846;Kit Upgrade - Amd Ryzen 5 3600 + Placa Mae Asus Prime A320m-k + Memória Kingston Hyperx 2x8gb 2666mhz;R$ ---
847;Kit Upgrade Gamer AMD Ryzen 5 3600, Placa mãe Asrock B450M, Steel Legend Skill Renew;R$ ---
848;Kit Upgrade Amd Ryzen 3 3200g / Placa Mãe Asus Prime A320m-k / Memória Kingston Hyperx 2x8gb 3000mhz;R$ ---
849;Kit Upgrade Amd Ryzen 3 3200g / Placa Mãe Asus Prime A320m-k;R$ ---
850;Kit Upgrade Amd Ryzen 3 3200g / Placa Mãe Asus Prime A320m-k / Memória Kingston Hyperx 8gb 3000mhz;R$ ---
851;Kit Upgrade Amd Ryzen 3 3200g / Placa Mae Asus Prime B450m-gaming/br;R$ ---
852;Kit Processador I7 12700k Placa Mãe B660m Memória 32gb;R$ ---
853;Kit Processador I7 12700k Placa Mãe B660m Memória 8gb;R$ ---
854;Kit Processador I7 12700k Placa Mãe B660m Memória 16gb;R$ ---
855;Kit Processador I5 12400f Placa Mãe B660m Memória 16gb;R$ ---
856;Kit Processador I5 12400f Placa Mãe B660m  Memória 8gb;R$ ---
857;Kit Upgrade Gamer, AMD Ryzen 3 3200G, Placa mãe Asrock A320M-HD Skill;R$ ---
858;Kit Processador I7 12700k Placa Mãe Z690-p D4 Memória 16gb;R$ ---
859;Kit Processador I7 12700k Placa Mãe Z690-p D4 Memória 8gb;R$ ---
860;Kit Upgrade Intel Core I3, 8 Gb E Placa Mãe H61;R$ ---
861;Kit Upgrade Intel Core I5, 8 Gb E Placa Mãe H61;R$ ---
862;Kit Processador I9 12900kf Placa Mãe Z690 Memória 2x16gb;R$ ---
863;Kit Processador I9 12900kf Placa Mãe Z690 Memória 8gb;R$ ---
864;Kit Processador I9 12900kf Placa Mãe Z690 Memória 16gb;R$ ---
865;Kit Processador I9 12900kf Placa Mãe Z690-p D4 Memória 16gb;R$ ---
866;Kit Upgrade Intel Core I5, 16 Gb E Placa Mãe H61;R$ ---
867;Kit Upgrade Intel I7 9700f / Placa Mãe Asus Tuf H310m-plus Gaming/br;R$ ---
868;Kit Upgrade Intel I7 9700f / Placa Mãe Asus Tuf H310m-plus Gaming/br / Memória DDR4 2x8GB 2666mhz;R$ ---
869;Kit Upgrade Intel I3 10100f, Placa Mãe Msi - H510-a Pro;R$ ---
870;Kit Upgrade Amd Ryzen 5 5600g / Placa Mãe Gigabyte A520m S2h Am4 / Memória Kingston Hyperx 8gb 3000mhz;R$ ---
871;Kit Processador AMD Ryzen 7 3700X + Placa Mãe GALAX B550M;R$ ---
872;Kit Processador AMD Ryzen 7 3800X + Placa Mãe GALAX B550M EX;R$ ---
873;Kit Upgrade Intel I7 9700kf / Placa Mãe Asus Tuf H310m-plus Gaming/br/Memória DDR4 8GB 2666MHZ;R$ ---
874;Kit Upgrade Intel I7 9700kf,  Placa Mãe Asus Tuf H310m-plus -  Gaming/br;R$ ---
875;Kit Upgrade Intel I3 10100 / Placa Mãe Msi H510-a Pro / Memória 2x8gb DDR4 2666Mhz;R$ ---
876;Kit Upgrade Intel I3 10100 / Placa Mãe Msi H510-a Pro / Memória 8Gb DDR4 2666Mhz;R$ ---
877;Kit Upgrade Intel I3 10100 / Placa Mãe Msi H510-a Pro;R$ ---
878;Kit Upgrade - Intel I7 9700f + Placa Mãe Asus Tuf H310m-plus Gaming/br + Memória DDR4 8GB 2666mhz;R$ ---
879;Kit Upgrade Skill Gamer, AMD Ryzen 5 3600, Placa mãe ASUS B450M-Gaming/BR, 8GB DDR4 3000Mhz, SSD 240GB;R$ ---
880;Kit Upgrade Skill Gamer AMD Ryzen 5 3400G, Placa mãe Asrock B450M Steel Legend;R$ ---
881;Kit Upgrade Intel I5 10400 / Placa Mãe Gigabyte H510m H Ddr4;R$ ---
882;Kit Upgrade Amd Ryzen 7 5800x / Placa Mãe Gigabyte B550m Aorus Elite / Memória Kingston Hyperx 8GB 2666mhz;R$ ---
883;Kit Upgrade Skill Gamer, AMD Ryzen 5 3400G, Placa mãe Asrock A320M-HD;R$ ---
884;Kit Upgrade Skill Gamer, AMD Ryzen 5 3400G, Placa mãe Asrock B450M Steel Legend, 8GB DDR4 Crucial Ballistix 3000Mhz;R$ ---
885;Kit Upgrade Skill Gamer, AMD Ryzen 5 3400G, Placa mãe ASUS PRIME A320M-K/BR 8GB DDR4, Crucial Ballistix 3000Mhz;R$ ---
886;Kit Upgrade Skill Gamer, AMD Ryzen 3 3200G, Placa mãe ASUS PRIME A320M-K/BR;R$ ---
887;Kit Upgrade Skill Gamer, AMD Ryzen 5 3400G, Placa mãe Asrock A320M-HD, 8GB DDR4 Crucial Ballistix 3000Mhz;R$ ---
888;Kit Upgrade - Intel I7 9700kf + Placa Mãe Asus Tuf H310m-plus Gaming/br + Memória DDR4 2x8GB 2666MHZ;R$ ---
889;Kit Upgrade Gamer Skill AMD Ryzen 7 3700X,  Placa mãe Asrock B450M Steel Legend;R$ ---
890;Kit Upgrade Amd Ryzen 5 5600 / Placa Mãe Gigabyte B550 Aorus Master Ddr4;R$ ---
891;Kit Processador Intel Core i7-11700K + Placa Mãe Gigabyte Z590M GAMING X (rev. 1.0);R$ ---
892;Kit Upgrade Intel I5 10400f / Placa Mãe Gigabyte B560m Aorus Elite;R$ ---
893;Kit Upgrade - Processador AMD Ryzen3 3200G + Placa mãe Asrock A320M-HD + Memória 8GB DDR4, Crucial Ballistix, 3000MHz;R$ ---
894;Kit Upgrade Amd Ryzen 7 5800x / Placa Mãe Gigabyte B550m Aorus Elite / Memória Kingston Hyperx 8gb 2666mhz;R$ ---
895;Kit Upgrade Amd Ryzen 7 5800x / Placa Mãe Gigabyte B550m Aorus Elite;R$ ---
896;Kit Upgrade Skill Gamer, Intel Core i5 9400F, Placa mãe ASUS PRIME H310M;R$ ---
897;Kit Upgrade Skill Gamer, Intel Core i3 10100, Placa mãe ASUS H410M-E;R$ ---
898;Kit Upgrade Skill Gamer, Intel Core i5 9400F, Placa mãe Asrock H310CM-HG4;R$ ---
899;Kit Upgrade Intel Core I3 10105 / Placa Mãe Gigabyte B560m Aorus Elite;R$ ---
900;Kit Upgrade Intel Core I5-650, Placa Mãe H55 Cooler E 8GB, Ram.;R$ ---
901;Kit Upgrade Intel Celeron G1820  + Placa Mãe Pcware Ipmh110g + 4gb Ddr3;R$ ---
902;Kit Upgrade Intel Core I3 10105 / Placa Mãe Gigabyte B560m Aorus Elite / Memória Kingston Hyperx 2x8gb 2666mhz;R$ ---
903;Kit Upgrade Intel Core I3 10105 / Placa Mãe Gigabyte B560m Aorus Elite / Memória Kingston Hyperx 8Gb 2666Mhz;R$ ---
904;Kit Upgrade Skill Gamer, AMD Ryzen 5 3600 4.2Ghz, Placa mãe ASUS B450M-Gaming/BR, 8GB DDR4 , SSD 120GB;R$ ---
905;Kit Upgrade Skill Gamer, AMD Ryzen 5 3600 4.2Ghz, Placa mãe Asrock B450M Steel Legend AMD AM4;R$ ---
906;Kit Upgrade Skill Gamer, AMD Ryzen 5 3600 4.2Ghz, Placa mãe Prime ASUS A320M-K/BR AMD AM4;R$ ---
907;Kit Upgrade Skill Gamer, AMD Ryzen 5 3600 4.2Ghz, Placa mãe ASUS A320M-K/BR, 8GB DDR4, SSD 120GB;R$ ---
908;Kit Upgrade Skill Gamer, AMD Ryzen 5 3600 4.2Ghz, Placa mãe ASUS B450M-Gaming/BR, 8GB DDR4 3000Mhz;R$ ---
909;Kit Upgrade Skill Gamer, AMD Ryzen 5 3600 4.2Ghz, Placa mãe Prime ASUS A320M-K/BR, 8GB  DDR4 , SSD 240GB;R$ ---
910;Kit Upgrade Skill Gamer, AMD Ryzen 5 3600 4.2Ghz, Placa mãe Asrock A320M-HDV AMD AM4, 8GB DDR4 , SSD 120GB;R$ ---
911;Kit Upgrade Intel Core I5 11400f / Placa Mãe Gigabyte B560m Aorus Elite / Memória Kingston Hyperx 2x8GB 2666mhz;R$ ---
912;Kit Upgrade Intel Core I5 11400f / Placa Mãe Gigabyte B560m Aorus Elite / Memória Kingston Hyperx 8GB 2666mhz;R$ ---
913;Kit Upgrade Intel G6400, Memória Pc4 Ddr4 8gb, Placa Mãe H410m-e;R$ ---
914;Kit Upgrade Gamer Intel Core i5 10400 10a Geração Placa mãe ASUS H410M-E  Skill;R$ ---
915;Kit Upgrade Neologic Nli83104 Amd 3000g, Placa Mãe Asus Prime A320m-k;R$ ---
916;Kit Upgrade Gamer, Intel Core i5 9400F 9a Geração, Placa Mãe ASUS  TUF B360M-PLUS GAMING/BR;R$ ---
917;Kit Upgrade Skill Gamer, AMD Ryzen 5 3400G 4.2Ghz, Placa mãe ASUS A320M-K/BR, 8GB DDR4 , SSD 120G;R$ ---
918;Kit Upgrade Skill Gamer, AMD Ryzen 5 3400G 4.2Ghz, Placa mãe Asrock B450M Steel Legend AMD AM4, 8GB DDR4 , SSD 240GB;R$ ---
919;Kit Upgrade Skill Gamer, AMD Ryzen 3 3200G 4.0Ghz, Placa mãe ASUS B450M-Gaming/BR, 8GB DDR4 , SSD 240G;R$ ---
920;Kit Upgrade Skill Gamer, AMD Ryzen 3 3200G 4.0Ghz, Placa mãe Asrock B450M Steel Legend AMD AM4, SSD 120GB;R$ ---
921;Kit Upgrade Skill Gamer, AMD Ryzen 3 3200G 4.0Ghz, Placa mãe ASUS B450M-Gaming/BR, 8GB DDR4;R$ ---
922;Kit Upgrade Skill Gamer, AMD Ryzen 5 3400G 4.2Ghz, Placa mãe Prime ASUS B450M-Gaming/BR AMD AM4;R$ ---
923;Kit Upgrade Skill Gamer, AMD Ryzen 3 3200G 4.0Ghz, Placa mãe Asrock A320M-HDV AMD AM4, SSD 120GB;R$ ---
924;Kit Upgrade Gamer - Processador AMD Ryzen 5 3600 + Placa Mãe ASUS PRIME B450M, Gaming/BR, Skill Renew;R$ ---
925;Kit Upgrade Skill Gamer, AMD Ryzen 3 3200G 4.0Ghz, Placa mãe ASUS B450M-Gaming/BR, 8GB DDR4 30 , SSD Kingston 480GB;R$ ---
926;Kit Upgrade Intel Core I5-12400f E Placa Mãe Asus Lga1700 H610m 2xddr4;R$ ---
927;Kit Upgrade Neologic Nli83105 Amd 320ge, Placa Mãe Asus Prime A320m-k;R$ ---
928;Kit Upgrade Gamer - Processador AMD Ryzen 5 3400G + Placa Mãe ASUS PRIME A320M-K/BR - Skill;R$ ---
929;Kit Upgrade Gamer - Intel Core I5 9400F 9a Geração + Placa Mãe Asrock B360M + Memória 8GB DDR4, Crucial Ballistix, 3000MHz;R$ ---
930;Kit Upgrade Gamer - Intel Core I5 9400F 9a Geração + Placa Mãe ASUS TUF B360M-Plus Gaming/BR Skill;R$ ---
931;Kit Upgrade Gamer - Intel Core I3 9100F 9a Geração + Placa mãe ASUS;R$ ---
932;Kit Processador Intel Core i5-12400F + Placa Mãe Gigabyte B660M DS3H, Intel LGA 1700, mATX, DDR4, M.2 NVME;R$ ---
933;Kit Processador Intel Core i5-12400F + Placa Mãe Gigabyte B660M A PRO AX, Intel LGA 1700, mATX, DDR4, M.2 NVME, WIFI;R$ ---
934;Kit Processador Intel Core i5-12400F + Placa Mãe Gigabyte B660M Aorus PRO, Intel LGA 1700, mATX, DDR4, M.2 NVME - B660M AORUS PRO DDR4;R$ ---
935;Kit Upgrade Processador Intel® I7 10700f + Placa Mãe Gigabyte Z590m Gaming X + Memória 8gb Ddr4;R$ ---
936;Kit Upgrade Processador Intel® I3 10100f + Placa Mãe Gigabyte B560m Aorus Elite + Memória 8gb Ddr4;R$ ---
937;Kit Processador Intel Core i5-10400 + Placa Mãe ASRock B560M Steel Legend, Micro ATX, DDR4 + Memória Crucial Ballistix, 8GB, 3200MHz, DDR4;R$ ---
938;Kit Processador Intel Core i5-10400 + Placa Mãe ASRock B560M-HDV, Intel LGA1200, Micro ATX, DDR4 + Memória XPG Gammix D45, 8GB, 3200MHz, DDR4;R$ ---
939;Kit Processador Intel Core i5-11400 + Placa Mãe ASRock B560M Steel Legend, Intel LGA1200, MATX+Memória Corsair Vengeance LPX 8GB, 3200MHz, DDR4;R$ ---
940;Kit Processador Intel Celeron G5905 + Placa Mãe Gigabyte H510M (Rev.1.0), mATX, DDR4 + Memória Crucial Ballistix, 8GB, 3200MHz, DDR4, CL16;R$ ---
941;Kit Processador Intel Core i3-10105 + Placa Mãe Gigabyte H510M (Rev.1.0), Intel LGA1200, mATX+ Memória XPG Spectrix D41 RGB, 8GB, 3000MHz, DDR4;R$ ---
942;Kit Processador Intel Core i5-12400 + Placa Mãe Gigabyte B660M DS3H, Intel LGA 1700, mATX, DDR4 + Memória KLEVV BOLT X 8GB, 3200MHz, DDR4;R$ ---
943;Kit Upgrade Processador Amd Ryzen 5 5600x + Placa Mãe Gigabyte  A520m S2h + Memória 8gb Ddr4;R$ ---
944;Kit Upgrade Upgrade Intel Core I3 10100f, 16gb Ddr4, Placa Mãe Asus Prime H410;R$ ---
945;Kit Processador Intel Core i3-10100 + Placa Mãe Gigabyte B660M DS3H, Intel LGA 1700, mATX, DDR4 + Memória KLEVV BOLT X 8GB, 3200MHz, DDR4;R$ ---
946;Kit Upgrade, Processador AMD Ryzen 5-1600, Placa Mãe Biostar B450MH e Cooler Core Plus ARGB Aerocool;R$ ---
947;Kit Upgrade Processador Amd Ryzen 5 5600x + Placa Mãe Gigabyte  B550m Aorus Elite + Memória 8gb Ddr4;R$ ---
948;Kit Processador Intel Core i5-10400 + Placa Mãe Gigabyte H410M H V3 (Rev. 1.0), Intel LGA1200, mATX + Memória KLEVV BOLTX 8GB, 3200MHz,  DDR4;R$ ---
949;Kit Processador Intel Core i5-10400 + Placa Mãe Gigabyte H510M (Rev.1.0), Intel LGA1200, mATX, DDR4 + Memória Crucial Ballistix, 8GB, DDR4;R$ ---
950;Computador Skill Intel I5, 8gb Ddr4, Hd 1tb, Geforce Gt,  Placa Mãe Asus, Monitor 19,5´´ - 38156;R$ ---
951;Kit Processador Intel Core i7-11700K + Placa Mãe Asus TUF GAMING Z590-PLUS WIFI, ATX+Memória Corsair Vengeance RGB Pro 16GB(2x8GB) 3200MHz DDR4;R$ ---
952;Kit Processador Intel Core i9-12900K + Placa Mãe Gigabyte Z690 GAMING X (rev. 1.0), LGA 1700, ATX +  Memória XPG Spectrix D50, 16GB, 3200MHz;R$ ---
953;Kit Upgrade Processador Amd Ryzen™ 7 5800x + Placa Mãe Gigabyte  A520m S2h + Memória 8gb Ddr4;R$ ---
954;Kit Upgrade Intel Core I3 10100f, Memória Pc4 Ddr4 8gb, Placa Mãe H410m-e;R$ ---
955;Kit Upgrade Intel Core I5 10400f, Memória Pc4 Ddr4 16gb, Placa Mãe H410m-e;R$ ---
956;Kit Upgrade - Processador Intel I3 10100F + Placa Mãe MSI H510-A Pro + Memória 8GB DDR4, 2666MHz;R$ ---
957;Kit Upgrade - Processador Intel I3 10100F + Placa Mãe MSI H510-A Pro + Memória 2x 8GB DDR4, 2666MHz;R$ ---
958;Kit Upgrade Neologic Nli83107 Amd Ryzen 5 5600g, Placa Mãe Asus Am4 B550m-plus Tuf Gaming;R$ ---
959;Kit Upgrade Neologic Nli83108 Amd Ryzen 7 5700g, Placa Mãe Asus Am4 B550m-plus Tuf Gaming;R$ ---
960;Kit Upgrade Skill Gamer, Intel Core i3 10100  Décima Geração, Placa Mãe Asus H410M-E, 8GB DDR4, SSD 120GB, 4.30Ghz;R$ ---
961;Kit Upgrade Skill Gamer, Intel Core i5 10400F Décima Geração, Placa Mãe Asus H410M-E, 8GB DDR4, 4.30Ghz;R$ ---
962;Kit Placa de Vídeo Zotac NVIDIA GeForce RTX 3090 Trinity, 24GB, GDDR6X - ZT-A30900D-10P + Placa Mãe Gigabyte Z590M GAMING X (rev. 1.0), LGA1200;R$ ---
963;Kit Upgrade Processador Intel® Core™ I5 10400f + Placa Mãe Gigabyte H510m-h  + Memória 8gb Ddr4;R$ ---
964;Kit Upgrade Processador Amd Athlon™ 3000g + Placa Mãe Gigabyte  A520m S2h + Memória 8gb Ddr4;R$ ---
965;Computador Skill Intel Core i5, 8GB DDR4, SSD 240GB, GEFORCE GT,  Placa Mãe ASUS - 38125;R$ ---
966;Kit Upgrade Gamer - Processador Intel Core I5 9400F, 9a Geração + Placa Mãe Asrock Fatal1ty B360M, Performance;R$ ---
967;Kit Upgrade Neologic Nli83092 Amd Ryzen 5 5600g,placa Mae Asus Am4 B550m-plus Tuf Gaming, Memoria Neologic 8gb 3000mhz - Nl8gb;R$ ---
968;Kit Upgrade Skill Gamer, Intel Core i5 9400F 4.10Ghz Nona Geração, Placa mãe ASUS TUF Gaming/BR H310M-Plus LGA 1151, 8GB DDR4, SSD 240GB;R$ ---
969;Kit Upgrade Skill Gamer, Intel Core i5 9400F 4.10Ghz Nona Geração, Placa mãe ASUS TUF Gaming/BR H310M-Plus LGA 1151, SSD 240GB;R$ ---
970;Kit Upgrade Skill Gamer, Intel Core i5 9400F 4.10Ghz Nona Geração, Placa mãe ASUS TUF Gaming/BR H310M-Plus LGA 1151, Memória 8GB DDR4 3000Mhz, SSD 120GB;R$ ---
971;Kit Upgrade Skill Gamer, Intel Core i5 9400F 4.10Ghz Nona Geração, Placa mãe ASUS TUF Gaming/BR B360M-Plus LGA 1151;R$ ---
972;Kit Upgrade Skill Gamer, Intel Core i5 9400F 4.10Ghz Nona Geração, Placa mãe ASUS TUF Gaming/BR B360M-Plus LGA 1151, SSD 120GB;R$ ---
973;Kit Upgrade Skill Gamer, Intel Core i5 9400F 4.10Ghz Nona Geração, Placa mãe ASUS TUF Gaming/BR H310M-Plus LGA 1151;R$ ---
974;Kit Upgrade Skill Gamer, Intel Core i5 9400F 4.10Ghz Nona Geração, Placa mãe ASUS TUF Gaming/BR H310M-Plus LGA 1151, 8GB DDR4, SSD 480GB;R$ ---
975;Kit Upgrade Skill Gamer, Intel Core i5 9400F 4.10Ghz Nona Geração, Placa mãe ASUS TUF Gaming/BR H310M-Plus LGA 1151, SSD 120GB;R$ ---
976;Kit Upgrade Skill Gamer, Intel Core i5 9400F 4.10Ghz Nona Geração, Placa mãe ASUS TUF Gaming/BR H310M-Plus LGA 1151, SSD 480GB;R$ ---
977;Kit Upgrade Skill Gamer, Intel Core i5 9400F 4.10Ghz Nona Geração, Placa mãe ASUS TUF Gaming/BR H310M-Plus LGA 1151, Memória 8GB DDR4;R$ ---
978;Kit Upgrade Skill Gamer, Intel Core i5 9400F 4.10Ghz Nona Geração, Placa mãe ASUS TUF Gaming/BR B360M-Plus LGA 1151, SSD Kingston 240GB;R$ ---
979;Kit Upgrade Skill Gamer, Intel Core i5 9400F 4.10Ghz Nona Geração, Placa mãe ASUS TUF Gaming/BR B360M-Plus, 8GB DDR4, SSD 240GB;R$ ---
980;Kit Upgrade Skill Gamer, Intel Core i5 9400F 4.10Ghz Nona Geração, Placa mãe ASUS TUF Gaming/BR B360M-Plus LGA 1151, SSD 480GB;R$ ---
981;Kit Upgrade Skill Gamer, Intel Core i5 9400F 4.10Ghz Nona Geração, Placa mãe ASROCK Fatal1ty B360M Performance LGA 1151;R$ ---
982;Kit Upgrade Neologic Nli83095 Amd Ryzen 7 5700g, Placa Mae Asus Am4 B550m-plus Tuf Gaming, Memoria Neologic 16gb  2x8gb  3000mhz - Nl8gb;R$ ---
983;Kit Upgrade Neologic Nli83094 Amd Ryzen 7 5700g, Placa Mae Asus Am4 B550m-plus Tuf Gaming, Memoria Neologic 8gb 3000mhz - Nl8gb;R$ ---
984;Kit Upgrade Neologic Nli83093 Amd Ryzen 5 5600g, Placa Mae Asus Am4 B550m-plus Tuf Gaming, Memoria Neologic 16gb (2x8gb) 3000mhz - Nl8gb;R$ ---
985;Computador Skill Intel Core i7, 16GB DDR4, SSD 480GB, Intel UHD 630, Placa Mãe ASUS - 38138;R$ ---
986;Kit Upgrade Skill Gamer, Intel Core i5 10400 4.30Ghz Décima Geração, Placa Mãe Asus H410M-E, SSD 480GB;R$ ---
987;Kit Upgrade Skill Gamer, Intel Core i5 10400 4.30Ghz Décima Geração, Placa Mãe Asus H410M-E, 8GB DDR4, SSD 480GB;R$ ---
988;Computador Intel Core i5 9ª Geração 16GB, DDR4, HD 1TB, GEFORCE GT, Placa mãe ASUS, Skill HomeJob;R$ ---
989;Desktop Slim Essential com Processador Intel Core i7 (10ª Geração), Placa Mãe H410, 16GB DDR4, SSD 512GB, HDMI, Windows 10;R$ ---
990;Desktop Slim Essential com Processador Intel Core i7 (10ª Geração), Placa Mãe H410, 8GB DDR4, SSD 512GB, HDMI, Windows 10;R$ ---
991;Desktop Slim Essential com Processador Intel Core i7 (10ª Geração), Placa Mãe H410, 16GB DDR4, HD 1TB, HDMI, Windows 10;R$ ---
992;Desktop Slim Essential com Processador Intel Core i5 (10ª Geração), Placa Mãe H410, 8GB DDR4, SSD 256GB, HDMI, Windows 10;R$ ---
993;Desktop Slim Essential com Processador Intel Core i5 (10ª Geração), Placa Mãe H410, 8GB DDR4, SSD 512GB, HDMI, Windows 10;R$ ---
994;Desktop Slim Essential com Processador Intel Core i3 (10ª Geração), Placa Mãe H410, 4GB DDR4, SSD 256GB, HDMI, Windows 10;R$ ---
995;Desktop Slim Essential com Processador Intel Pentium (10ª Geração), Placa Mãe H410, 8GB DDR4, HD 1TB, Windows 10;R$ ---
996;Desktop Slim Essential com Processador Intel Pentium (10ª Geração), Placa Mãe H410, 8GB DDR4, SSD 512GB, Windows 10;R$ ---
997;Desktop Slim Essential com Processador Intel Pentium (10ª Geração), Placa Mãe H410, 8GB DDR4, SSD 256GB, Windows 10;R$ ---
998;Computador Skill Intel i3 9ª Geração 8GB DDR4, SSD 240GB, GeForce GT,  Placa Mãe ASUS - 38121;R$ ---
999;Computador Intel Core i5 9ª Geração 8GB, DDR4, SSD 480GB, GEFORCE GT, Placa mãe ASUS, Skill HomeJob;R$ ---
1000;Kit Processador Intel Core i5-10400, LGA 1200 + Placa Mãe ASRock B560M-HDV, Intel LGA1200, Micro ATX + Memória XPG Gammix D30, 8GB, 3200MHz;R$ ---
1001;Computador Intel Core i7 9ª Geração 8GB, DDR4, HD 1TB, Intel UHD 630, Placa mãe ASUS, Skill HomeJob;R$ ---
1002;Kit Bateria Mitsubishi Cr2032 Com 20 Unidades Para Placa Mãe;R$ ---
1003;Kit Upgrade, Neologic, Nli83439, AMD Ryzen 5 5600g, Placa Mae Gigabyte Am4 B550m Aorus Elite, Memoria Neologic 8GB 3000mhz - Nl8gb;R$ ---
1004;Kit Upgrade, Neologic, Nli83441, AMD Ryzen 7 5700G, Placa Mae Gigabyte Am4 B550m Aorus Elite, Memoria Neologic 8gb 3000mhz - Nl8gb;R$ ---
1005;Kit Upgrade, Neologic, Nli83438, AMD Ryzen 7 5700G, Placa Mae Gigabyte Am4 B550m Aorus Elite;R$ ---
1006;Kit Upgrade, Neologic, Nli83442, Amd Ryzen 5 5600g, Placa Mae Gigabyte Am4 B550m Aorus Elite, Memoria, Neologic, 16GB 2x8GB 3000MHZ - Nl8gb;R$ ---
1007;Kit Upgrade, Neologic, Nli83440, AMD Ryzen 7 5700G, Placa Mae, Gigabyte Am4 B550m Aorus Elite, Memoria, Neologic 16GB 2x8GB 3000MHZ - Nl8GB;R$ ---
1008;Kit Upgrade, Neologic, Nli83437, AMD Ryzen 5 5600g, Placa Mae Gigabyte Am4 B550m Aorus Elite;R$ ---
1009;Computador Intel Core i7 9a Geração 16GB, DDR4, HD 1TB, Intel UHD 630, Placa mãe ASUS, Skill HomeJob;R$ ---
1010;Computador Intel Core i7 9ª Geração 8GB, DDR4, SSD 240GB, Intel UHD 630, Placa mãe ASUS, Skill HomeJob;R$ ---
1011;Computador Intel Core i7 9ª Geração 8GB, DDR4, SSD 480GB, Intel UHD 630, Placa mãe ASUS, Skill HomeJob;R$ ---
1012;Computador Skill Intel I3, 8gb Ddr4, Ssd 480gb, Monitor 19,5´´, Geforce Gt, Placa Mãe Asus - 38155;R$ ---
1013;Kit Processador Intel Core i5-10400, Cache 12MB, 2.9GHz + Placa Mãe Asus Prime H510M-E, Intel LGA 1200, microATX, DDR4;R$ ---
1014;Computador Skill  Intel Core i5 9ª Geração, 16GB DDR4, SSD 240GB, GEFORCE GT, Placa Mãe ASUS - 38129;R$ ---
1015;Computador Skill, Intel Core i5 9ª Geração, 16GB, DDR4, SSD 480GB, Placa de vídeo GEFORCE GT, Placa mãe ASUS;R$ ---
1016;"Computador Completo Intel Pentium 8a Geração, 8GB DDR4, HD 1TB, Placa de vídeo Intel UHD 610, Placa mãe ASUS + Monitor 19.5"", Skill HomeJob";R$ ---
1017;Kit Upgrade Neologic Nli83097 Intel Core I3-10100f 3.6ghz, Placa Mae Gigabyte H410m-h Ultra Durable, Memoria Neologic 16gb 2x8gb  3000mhz - Nl8gb;R$ ---
1018;Kit Upgrade Neologic Nli83099 Intel Core I5-10400f 2.9ghz, Placa Mae Gigabyte H410m-h Ultra Durable, Memoria Neologic 16gb 2x8gb 3000mhz - Nl8gb;R$ ---
1019;Kit Upgrade Neologic Nli83100 Intel Core I7-10700f 2.9ghz, Placa Mae Gigabyte H410m-h Ultra Durable, Memoria Neologic 8gb 3000mhz - Nl8gb;R$ ---
1020;Kit Upgrade Neologic Nli83096 Intel Core I3-10100f 3.6ghz, Placa Mae Gigabyte H410m-h Ultra Durable, Memoria Neologic 8gb 3000mhz - Nl8gb;R$ ---
1021;Kit Upgrade Neologic Nli83098 Intel Core I5-10400f 2.9ghz, Placa Mae Gigabyte H410m-h Ultra Durable, Memoria Neologic 8gb 3000mhz - Nl8gb;R$ ---
1022;Kit Upgrade Neologic Nli83101 Intel Core I7-10700f 2.9ghz, Placa Mae Gigabyte H410m-h Ultra Durable, Memoria Neologic 16gb 2x8gb 3000mhz - Nl8gb;R$ ---
1023;Computador Intel Core i7 9ª Geração 8GB, DDR4, SSD 120GB, HD 3TB, Intel UHD 630, Placa mãe ASUS, Skill HomeJob;R$ ---
1024;Kit Processador AMD Ryzen 5 5600G, 3.9GHz (4.4GHz Max Turbo) + Placa Mãe Gigabyte A520M S2H, AMD AM4, DDR4;R$ ---
1025;"Computador Completo Intel Pentium 8a Geração, 4GB DDR4, SSD 480GB, Placa de vídeo Intel UHD 610, Placa Mãe ASUS + Monitor 19.5"", Skill HomeJob";R$ ---
1026;Computador Intel Core i7 9ª Geração 16GB, DDR4, SSD 120GB, HD 3TB, Intel UHD 630, Placa mãe ASUS, Skill HomeJob;R$ ---
1027;Computador Skill HomeJob, Intel Core i7 9ª Gen, 16GB DDR4, SSD 240G, Intel UHD 630, Placa mãe Asus;R$ ---
1028;"Computador Completo Intel Pentium 8a Geração, 4GB DDR4, SSD 120GB + HD 3TB, Intel UHD 610, Placa Mãe ASUS + Monitor 19.5"", Skill HomeJob";R$ ---
1029;Kit Processador Intel Core i5-12400 (4.4GHz Max Turbo), LGA 1700 + Placa Mãe Gigabyte B660M DS3H, Intel LGA 1700, mATX, DDR4, M.2 NVME;R$ ---
1030;Computador Completo Monitor 19.5´´ Intel Pentium 8ª Geração 4GB DDR4 SSD 240GB (Placa de vídeo Intel UHD 610) Placa mãe ASUS Skill HomeJob;R$ ---
1031;Computador Completo, Monitor 19.5'', Intel Pentium 8a Geração, 4GB DDR4, HD 1TB, Placa de vídeo Intel UHD 610, Placa mãe ASUS - Skill HomeJob;R$ ---
1032;Kit Processador Intel Core i3-10105, Cache 6MB, 3.7GHz (4.4GHz Max Turbo) + Placa Mãe Gigabyte H510M (rev.1.0), Intel LGA1200, ATX, DDR4;R$ ---
1033;Kit Processador Intel Core i3-10105, Cache 6MB, 3.7GHz (4.4GHz Max Turbo) + Placa Mãe Asus Prime H510M-E, Intel LGA 1200, microATX, DDR4;R$ ---
1034;Kit Processador Intel Core i3-10105F, Cache 6MB, 3.7GHz (4.4GHz Max Turbo) + Placa Mãe Gigabyte H510M (rev.1.0), Intel LGA1200, ATX, DDR4;R$ ---
1035;Kit Processador Intel Core i5-10400, Cache 12MB, 2.9GHz (4.3GHz Max Turbo) + Placa Mãe Gigabyte H510M (rev.1.0), Intel LGA1200, ATX, DDR4;R$ ---
1036;Kit Processador Intel Core i3-10105F, Cache 6MB, 3.7GHz (4.4GHz Max Turbo) + Placa Mãe Asus Prime H510M-E, Intel LGA 1200, microATX, DDR4;R$ ---
1037;"Computador Skill HomeJob Completo Monitor 19.5"", Intel Core i7, 9ª Geração, 8GB DDR4, HD 1TB, Intel UHD 630, Placa mãe ASUS";R$ ---
1038;Kit Processador Intel Core i5-11400 11ª Geração, Cache 12MB, 2.6 GHz (4.4GHz Turbo) + Placa Mãe Gigabyte B560M AORUS ELITE (rev. 1.0);R$ ---
1039;Computador Skill HomeJob Completo Intel Core i3 9100F 9ª Geração 8GB DDR4, Monitor 19.5´, HD 1TB, (Placa de vídeo GEFORCE GT) Placa mãe ASUS;R$ ---
1040;Kit Processador Intel Core i5-10400, Cache 12MB, 2.9GHz (4.3GHz Max Turbo), LGA 1200 + Placa Mãe ASRock B560M-HDV, Intel LGA1200,Micro ATX,DDR4;R$ ---
1041;Cooler FAN Rise Mode Aqua Motherboard, 120mm, RGB, 12V - RM-MB-03-12V;R$ ---
1042;Camera Bullet Hikvision 4.0 Ds-2ce16c0t-irp 2.8 1 Mb Ir20 4 Em 1 (0000003297223);R$ ---
1043;Processador AMD Ryzen Threadripper Pro 5995WX, 256 MB,  64 Núcleos, SP3 WOF - 100-100000444WOF;R$ ---
1044;HD PC Seagate, 8TB, Surveillance SkyHawk, 7200 RPM, 256 MB, SATA 6.0 GB/s - ST8000VX0022;R$ ---
1045;Processador AMD Ryzen Threadripper Pro 5965WX, 128 MB, 24 Núcleos, SP3 - 100-100000446WOF;R$ ---
1046;Módulo Externo Para Nobreak 24v Para 2 Baterias Com Cabo Para Conexão Integrado Mb 2 A40/27 Ragtech;R$ ---
1047;Cooler FAN Rise Mode Aqua Motherboard, 120mm, ARGB, 5V - RM-MB-03-5V;R$ ---
1048;Mini Computador Intel I3-6100 3.7Ghz Mb Gigabyte H110tn-M Mem. 4Gb Ddr Hd 500Gb Hdmi/Displayport Fon;R$ ---
1049;Mini Computador Pentium G4560 3.5Ghz Mb Gigabyte H110tn-M Mem. 4Gb  Ddr4 Ssd 160Gb Hdmi/Displayport;R$ ---
1050;Mini Computador Pentium G4560 3.5Ghz Mb Gigabyte H110tn-M Mem. 4Gb Ddr4 Hd 500Gb Hdmi/Displayport Fo;R$ ---
1051;Celular Positivo 512 MB de RAM e 4 GB de ROM P70S;R$ ---
1052;Processador Intel Core I5-4570, 3.2ghz (3.6ghz Turbo Máx.), Cache 6 Mb, Lga1150, Oem;R$ ---
1053;Cooler Fan Rise Mode Galaxy Motherboard 120mm, Rgb, 12v, Sled - Rm-mb-01-12v;R$ ---
1054;Fan Rise mode Branca Galaxy Motherboard;R$ ---
1055;Seagate St31000424ss, Hdd 1tb, Sas 6 G ,Enterprise Storage, 7200 Rpm, 16 Mb;R$ ---
1056;Caixa de Som, Mb Tech Bluetooth, fm, Pen Drive, 20w;R$ ---
1057;HD SSD 256GB M.2 XPG SX8100, Leitura 3500 e Gravação 1200 MB por Segundo - ASX8100NP-256GT-C;R$ ---
1058;HD SSD Kingston A400 Sata 3, 240GB, Leitura 500 MB por Segundo - SA400S37 240G;R$ ---
1059;HD SSD Crucial BX500 Sata 3, 2TB, 540-500 MB por Segundo - CT2000BX500SSD1;R$ ---
1060;HD SSD PNY CS900 Sata 3, 120GB, 515-490 MB por Segundo;R$ ---
1061;Microfone Gooseneck Com Chamada - Toque Musical Msf 460 Mb Tsi;R$ ---
1062;Kit Placa de Vídeo Gigabyte NVIDIA GeForce RTX 3080 Ti VISION OC 12G LHR + Fonte XPG Core Reactor, 750W + COOLER FAN RISE MODE AQUA MOTHERBOARD;R$ ---
1063;Kit Placa de Vídeo Zotac Gaming NVIDIA GeForce GTX 1660 Super AMP + Fonte Corsair CV450 + COOLER FAN RISE MODE AQUA MOTHERBOARD, 120MM, RGB, 12;R$ ---
1064;Processador Intel Pentium Gold G5420 Cache De 4 Mb 3.80 Ghz;R$ ---
1065;Notebook Lenovo L380, I5 8350u Vpro Mb, 8gb, 256gb, W10 P64-brl;R$ ---
1066;Processador AM4 A8 9600, 3.4 GHz, Bristol Ridge, 2 Mb Cache, Quad Core, AMD, Box;R$ ---
1067;Hd Wd Purple 6tb 5640 Rpm 3.5  Sata Cache 128 Mb Wd62purz;R$ ---
1068;Caixa De Som Potente Bluetooth Portatil Com Microfone 8w Mb Tech;R$ ---
1069;Computador Home H100 - Dual Core J1800 2.41ghz MB Asrock Mem 8GB DDR3 Sodimm SSD 240GB 1 Serial 1 Paralela Fonte 200W;R$ ---
1070;Computador Home H100 - Dual Core J1800 2.41ghz MB Asrock Mem 4GB DDR3 Sodimm SSD 120GB 1 Serial 1 Paralela Fonte 200W;R$ ---
1071;Computador Home H100 - Dual Core J1800 2.41ghz Mb Asrock Mem 8GB DDR3 Sodimm SSD 120GB 1 Serial 1 Paralela Fonte 200W;R$ ---
1072;Headset Impact Mb Pro 1 Uc Ml Sennheiser;R$ ---
